date,SPY,VLUE,QUAL,SIZE,MTUM,USMV
2013-07-22,169.5,54.78,50.0,54.0,54.419,33.935
2013-07-29,168.59,54.63,50.05,53.75,54.6,33.83
2013-08-05,170.7,55.31,50.73,54.48,55.0,33.98
2013-08-09,169.31,54.85,50.378,54.18,54.522,33.83
2013-08-15,166.38,54.01,49.46,52.96,53.038,33.12
2013-08-19,164.77,53.58,49.26,52.53,52.7,32.76
2013-08-26,166.0,54.11,49.89,53.12,53.05,32.97
2013-09-06,166.04,53.9,50.02,52.82,52.99,32.78
2013-09-09,167.634,53.9,50.3,53.0394,53.37,33.04
2013-09-10,168.87,54.61,50.59,53.38,53.74,33.25
2013-09-19,172.76,55.83,52.07,54.94,55.41,34.2
2013-09-30,168.01,54.15,50.78,53.49,53.88,33.232
2013-10-02,169.18,54.23,51.108,53.62,54.37,33.34
2013-10-03,167.62,54.04,50.74,53.306,53.85,33.07
2013-10-08,165.48,53.61,49.8,53.37,53.19,32.78
2013-10-09,165.6,53.4,49.84,52.93,52.99,32.8
2013-10-11,170.26,54.82,51.0,54.14,54.585,33.57
2013-10-14,170.94,55.19,51.39,53.98,54.76,33.65
2013-10-16,172.07,55.56,51.74,54.565,55.4396,33.955
2013-10-21,174.4,56.2979,52.54,55.33,56.2,34.37
2013-10-28,176.23,56.7,53.21,55.92,57.04,34.89
2013-10-29,177.17,56.92,53.55,56.1001,57.383,35.1
2013-11-01,176.21,56.5,53.2937,55.94,57.03,34.9
2013-11-04,176.83,56.88,53.53,56.11,56.8934,34.99
2013-11-11,177.32,57.25,53.74,55.996,56.66,34.91
2013-11-21,179.91,57.99,54.87,56.45,57.84,35.29
2013-11-25,180.63,58.3399,55.0,56.649,58.48,35.39
2013-12-03,179.75,57.87,55.05,56.18,58.09,35.04
2013-12-06,180.94,58.35,55.27,56.57,58.47,35.23
2013-12-09,181.4,58.639,55.44,56.81,58.57,35.19
2013-12-12,178.13,57.65,54.536,55.7377,57.78,34.52
2013-12-13,178.11,57.58,54.41,55.87,58.09,34.54
2013-12-16,179.216,57.98,54.77,56.1407,58.3,34.65
2013-12-17,178.65,57.89,54.56,56.1407,58.319,34.52
2013-12-18,181.7,58.45,55.3367,56.0,59.11,35.12
2013-12-19,181.49,58.45,55.43,56.55,59.32,35.08
2013-12-20,181.56,59.03,55.8,56.55,59.69,35.22
2013-12-23,182.53,58.89,55.92,56.92,59.7399,35.1
2013-12-24,182.93,58.89,56.03,57.16,59.82,35.195
2013-12-26,183.855,59.342,56.39,57.171,60.1332,35.314
2013-12-27,183.845,59.38,56.3,57.41,59.85,35.33
2013-12-30,183.82,59.36,56.3,57.41,59.75,35.44
2013-12-31,184.69,59.544,56.52,57.52,60.03,35.5
2014-01-02,182.92,59.21,56.1,57.52,59.41,35.15
2014-01-03,182.885,59.14,55.99,57.2099,59.51,35.14
2014-01-06,182.36,59.13,55.77,57.2099,59.38,35.06
2014-01-07,183.48,59.46,56.22,57.22,59.87,35.26
2014-01-09,183.64,59.33,56.1699,57.1,60.42,35.3
2014-01-13,181.685,59.11,55.51,57.51,59.478,35.11
2014-01-14,183.67,59.3,56.15,57.24,60.39,35.32
2014-01-15,184.66,59.68,56.43,57.5999,60.39,35.3934
2014-01-16,184.42,59.3899,56.46,57.47,60.43,35.41
2014-01-17,183.635,59.26,56.31,57.41,60.11,35.3561
2014-01-22,184.3,59.43,56.39,57.71,60.86,35.3675
2014-01-23,182.79,58.76,55.97,57.71,60.17,35.12
2014-01-24,178.89,57.63,54.81,56.2899,58.6699,34.56
2014-01-27,178.01,57.34,54.37,56.13,58.0726,34.41
2014-01-28,179.07,57.34,54.47,56.19,58.71,34.6
2014-01-29,177.35,57.34,54.0,56.19,57.89,34.3
2014-01-30,179.23,57.55,54.4,56.4,59.16,34.6
2014-02-03,174.17,56.78,52.88,56.4,57.07,33.68
2014-02-04,175.385,56.422,53.29,55.304,57.68,33.89
2014-02-07,179.68,57.15,54.63,56.26,59.41,34.57
2014-02-10,180.01,57.622,54.75,56.543,59.4923,34.66
2014-02-11,181.98,58.35,55.34,56.543,60.292,35.03
2014-02-12,182.07,58.32,55.46,56.543,60.315,35.03
2014-02-13,183.01,58.716,55.82,57.6299,60.95,35.26
2014-02-14,184.02,58.95,56.06,57.6299,61.15,35.45
2014-02-19,183.02,59.02,55.8499,58.33,61.18,35.42
2014-02-21,183.89,59.092,56.15,58.4455,61.65,35.61
2014-02-24,184.91,59.092,56.46,58.57,62.27,35.66
2014-03-03,184.98,59.27,56.2625,58.6476,62.0445,35.68
2014-03-04,187.58,60.17,57.21,59.37,63.3,36.17
2014-03-05,187.75,60.14,57.0588,59.23,63.4,36.09
2014-03-07,188.26,60.46,56.942,59.3,63.1,36.16
2014-03-10,188.16,60.41,57.0388,59.3,63.14,36.13
2014-03-11,187.23,60.0,56.9,59.1099,62.682,36.09
2014-03-12,187.28,60.0,56.9199,58.71,62.76,36.12
2014-03-13,185.18,60.0,56.17,58.71,61.85,35.82
2014-03-14,184.66,59.382,56.0,58.71,61.57,35.84
2014-03-17,186.33,59.79,56.58,58.71,62.18,36.08
2014-03-18,187.66,60.36,57.08,59.3099,62.73,36.24
2014-03-19,186.66,60.3259,56.67,59.3099,62.21,35.9639
2014-03-21,186.2,60.5,56.44,59.4636,61.56,35.93
2014-03-24,185.43,60.1462,56.33,58.95,60.73,35.78
2014-03-26,184.97,59.92,55.85,58.68,60.0,35.61
2014-03-27,184.58,59.72,55.66,58.26,59.6546,35.62
2014-03-28,185.49,60.12,55.8,58.83,59.74,35.71
2014-03-31,187.01,60.55,56.3299,59.23,60.34,36.05
2014-04-01,188.25,60.89,56.88,59.23,61.0455,36.08
2014-04-02,188.88,60.89,57.0296,59.6,61.49,36.17
2014-04-03,188.63,60.89,56.8102,59.5509,60.911,36.18
2014-04-04,186.4,61.39,55.9364,59.55,59.6,35.88
2014-04-07,184.34,59.9496,55.4586,58.8199,58.83,35.63
2014-04-08,185.1,59.939,55.4901,58.8199,59.0076,35.78
2014-04-09,187.09,60.532,56.26,58.76,60.27,36.04
2014-04-10,183.155,59.52,55.2188,58.544,58.422,35.52
2014-04-11,181.51,58.9946,54.54,57.99,57.6614,35.26
2014-04-14,182.9401,59.1,54.945,57.988,57.98,35.52
2014-04-15,184.2,59.74,55.4156,57.9401,58.5,35.73
2014-04-16,186.125,60.25,56.058,58.8,59.3299,36.08
2014-04-17,186.39,60.54,56.17,59.12,59.57,36.1
2014-04-21,187.04,60.61,56.29,59.14,60.0,36.21
2014-04-22,187.89,60.95,56.602,59.4,60.49,36.29
2014-04-23,187.45,60.86,56.33,59.4,60.18,36.23
2014-04-25,186.29,60.44,55.96,59.144,58.95,36.09
2014-04-28,186.875,60.6175,56.37,58.9568,58.79,36.29
2014-04-29,187.75,60.96,56.67,59.37,59.2801,36.38
2014-04-30,188.31,61.0399,56.75,59.48,59.74,36.53
2014-05-01,188.325,61.0,56.83,59.66,59.88,36.52
2014-05-02,188.06,61.02,56.7,59.69,59.88,36.42
2014-05-05,188.42,60.66,56.96,59.69,60.32,36.52
2014-05-06,186.78,60.632,56.5,59.39,59.44,36.25
2014-05-07,187.88,60.632,56.46,59.57,59.423,36.47
2014-05-08,187.675,60.83,56.48,59.57,59.33,36.45
2014-05-09,187.96,60.6,56.72,59.53,59.6767,36.5
2014-05-12,189.785,61.49,57.3204,60.079,60.67,36.68
2014-05-13,189.96,61.64,57.42,60.09,60.739,36.73
2014-05-14,189.06,61.35,57.08,60.02,60.27,36.635
2014-05-15,187.4,60.598,56.486,59.3,59.6,36.34
2014-05-16,188.05,60.598,56.77,59.65,59.84,36.51
2014-05-19,188.74,61.13,56.971,59.8,60.37,36.51
2014-05-20,187.55,60.73,56.62,59.4,59.88,36.29
2014-05-21,189.13,61.1,57.02,59.619,60.6,36.49
2014-05-22,189.59,61.41,57.16,59.92,60.99,36.56
2014-05-23,190.35,61.5299,57.4479,60.1,61.31,36.64
2014-05-27,191.52,61.77,57.67,60.36,61.93,36.72
2014-05-28,191.38,61.816,57.6577,60.52,61.97,36.65
2014-05-29,192.37,61.979,57.8799,60.64,62.21,36.82
2014-05-30,192.68,61.979,58.07,60.84,62.17,36.95
2014-06-02,192.895,62.32,58.11,60.9879,62.35,36.93
2014-06-04,193.19,62.497,58.11,60.93,62.36,37.04
2014-06-05,194.45,62.59,58.47,60.93,62.6701,37.18
2014-06-06,195.375,63.184,58.7,61.68,62.82,37.25
2014-06-09,195.58,63.2501,58.749,61.67,62.76,37.24
2014-06-10,195.6,63.28,58.63,61.506,62.77,37.15
2014-06-11,194.92,63.0499,58.44,61.506,62.74,36.98
2014-06-18,196.255,63.5799,58.33,61.55,63.1392,37.25
2014-06-19,196.48,63.6092,58.49,62.0899,63.16,37.4
2014-06-20,195.94,63.81,58.5697,62.14,63.57,37.46
2014-06-23,195.88,63.84,58.57,62.28,63.47,37.4
2014-06-24,194.7,63.38,58.2115,61.9,63.09,37.26
2014-06-25,195.58,63.23,58.25,61.69,63.33,37.2
2014-06-26,195.44,62.878,58.15,61.68,63.28,37.16
2014-06-27,195.82,63.08,58.28,61.84,63.337,37.22
2014-06-30,195.72,63.3,58.19,61.85,63.26,37.22
2014-07-01,197.03,63.65,58.81,62.2201,63.81,37.42
2014-07-02,197.23,63.65,58.86,61.94,63.68,37.37
2014-07-03,198.2,64.0,59.19,62.27,64.0,37.49
2014-07-07,197.51,63.77,59.01,61.96,63.43,37.42
2014-07-08,196.24,63.452,58.7,61.6401,62.92,37.34
2014-07-09,197.12,63.706,58.89,61.9,63.32,37.47
2014-07-10,196.34,63.435,58.55,61.69,63.11,37.41
2014-07-11,196.61,63.46,58.61,61.69,63.35,37.41
2014-07-14,197.6,63.46,58.98,61.69,63.66,37.53
2014-07-16,197.96,64.0227,58.8,62.03,63.41,37.6
2014-07-17,195.71,63.65,58.1,61.56,62.53,37.23
2014-07-18,197.7099,63.95,58.86,61.97,63.4515,37.58
2014-07-21,197.34,63.85,58.64,61.78,63.47,37.46
2014-07-22,198.2,64.1,59.05,61.9332,63.9,37.54
2014-07-23,198.64,64.28,59.339,61.9332,64.2,37.58
2014-07-24,198.65,64.33,59.17,62.13,64.41,37.59
2014-07-28,197.8,63.89,59.11,61.49,64.09,37.51
2014-07-29,196.95,64.02,58.9,61.9,63.88,37.4
2014-07-30,196.98,63.7228,58.91,61.33,63.98,37.33
2014-07-31,193.09,62.79,57.7499,60.74,62.6001,36.69
2014-08-01,192.5,62.3258,57.51,60.45,62.6136,36.69
2014-08-04,193.89,62.3258,57.88,60.65,63.09,36.84
2014-08-05,192.01,61.8501,57.445,60.17,62.38,36.48
2014-08-06,192.07,62.076,57.6,60.12,62.11,36.57
2014-08-07,191.03,61.682,57.23,59.8,61.7899,36.43
2014-08-08,193.24,62.34,57.89,60.48,62.4599,36.86
2014-08-11,193.795,62.6,58.03,60.7705,62.69,37.03
2014-08-12,193.53,62.5,57.98,60.645,62.63,37.01
2014-08-13,194.84,62.6243,58.3545,60.87,63.16,37.21
2014-08-14,195.76,63.04,58.63,61.2515,63.5,37.43
2014-08-15,195.72,63.03,58.69,61.61,63.64,37.41
2014-08-18,197.36,63.54,59.28,61.84,64.05,37.66
2014-08-19,198.39,63.95,59.7224,62.21,64.5065,37.87
2014-08-20,198.92,64.15,59.9701,62.3101,64.77,37.91
2014-08-21,199.5,64.42,60.03,62.5148,64.89,38.03
2014-08-22,199.19,64.18,60.02,62.37,64.92,37.9
2014-08-25,200.2,64.55,60.251,62.63,65.25,38.04
2014-08-26,200.33,64.66,60.36,62.6599,65.31,38.02
2014-08-27,200.25,64.74,60.21,62.62,65.22,38.02
2014-08-28,200.14,64.6038,60.1621,62.62,65.16,38.06
2014-08-29,200.71,64.609,60.2599,62.84,65.48,38.15
2014-09-02,200.61,64.62,60.4,62.86,65.6752,38.11
2014-09-03,200.5,64.75,60.15,62.89,65.6784,38.17
2014-09-04,200.2101,64.5599,60.01,62.82,65.56,38.14
2014-09-05,201.11,64.8,60.27,62.95,65.95,38.36
2014-09-08,200.59,64.69,60.24,63.03,65.95,38.27
2014-09-09,199.32,64.3575,59.89,62.72,65.48,38.05
2014-09-10,200.07,64.44,60.2599,62.72,65.82,38.06
2014-09-11,200.3,64.44,60.08,62.71,65.7,38.11
2014-09-12,199.13,64.0201,59.84,62.257,65.29,37.79
2014-09-15,198.981,64.12,59.68,62.18,64.94,37.85
2014-09-16,200.48,64.1,60.1728,62.67,65.66,38.11
2014-09-17,200.75,64.78,60.16,62.61,65.76,38.11
2014-09-18,201.82,65.0889,60.5799,62.64,66.12,38.22
2014-09-19,200.7,64.85,60.58,62.725,66.04,38.25
2014-09-22,199.15,64.4,60.14,62.2501,65.29,38.04
2014-09-23,198.01,64.04,59.82,61.7919,65.06,37.84
2014-09-24,199.56,64.2099,60.2395,62.049,65.58,37.95
2014-09-25,196.34,63.35,59.22,61.329,64.69,37.53
2014-09-26,197.9,63.638,59.83,61.329,65.23,37.73
2014-09-29,197.54,63.64,59.7399,61.3112,65.18,37.74
2014-09-30,197.02,63.44,59.6099,61.39,64.87,37.68
2014-10-01,194.35,62.45,58.7699,60.68,63.915,37.39
2014-10-02,194.38,62.0,58.78,60.82,63.87,37.44
2014-10-03,196.52,63.0305,59.3899,61.4552,64.8,37.85
2014-10-06,196.29,63.22,59.2708,61.34,64.64,37.83
2014-10-07,193.26,62.408,58.41,61.16,63.52,37.41
2014-10-08,196.64,63.252,59.48,61.318,64.793,38.04
2014-10-09,192.74,61.92,58.42,60.72,63.25,37.42
2014-10-10,190.54,61.09,57.5999,59.902,62.329,37.25
2014-10-13,187.4099,60.11,56.624,59.9,60.87,36.86
2014-10-14,187.7,60.26,56.7,59.29,60.6001,37.03
2014-10-15,186.43,59.6199,56.4065,58.41,60.29,36.73
2014-10-16,186.27,59.71,56.3879,59.16,60.682,36.65
2014-10-17,188.47,60.4801,57.01,59.771,61.71,37.04
2014-10-20,190.3,61.13,57.3,60.13,62.2,37.36
2014-10-22,192.69,61.98,58.11,61.09,63.29,37.84
2014-10-23,194.93,62.54,58.93,61.71,64.278,38.1
2014-10-24,196.43,62.8,59.354,62.12,64.96,38.41
2014-10-27,196.16,62.85,59.4699,62.12,64.79,38.47
2014-10-28,198.41,63.0201,60.06,62.355,65.56,38.72
2014-10-29,198.11,63.17,59.95,62.355,65.16,38.63
2014-10-30,199.38,63.6818,60.63,62.97,65.66,39.03
2014-10-31,201.66,64.37,61.2,63.6136,66.359,39.28
2014-11-03,201.77,64.77,61.11,63.7988,66.46,39.33
2014-11-04,201.07,64.46,60.95,63.6,66.35,39.4
2014-11-05,202.34,64.8599,61.09,63.96,66.68,39.6
2014-11-06,203.15,64.89,61.38,63.96,67.03,39.65
2014-11-07,203.34,65.1,61.31,63.96,66.745,39.67
2014-11-10,203.98,65.4,61.64,64.46,66.99,39.85
2014-11-11,204.175,65.324,61.71,64.46,67.02,39.83
2014-11-12,203.96,65.358,61.79,64.3501,67.05,39.82
2014-11-13,204.19,65.358,61.852,64.32,66.92,39.88
2014-11-14,204.24,65.4399,61.77,64.32,66.84,39.81
2014-11-17,204.37,65.32,61.64,64.45,66.96,39.92
2014-11-18,205.55,65.32,61.93,64.883,67.77,40.11
2014-11-19,205.22,65.76,61.79,64.68,67.483,40.09
2014-11-20,205.58,65.8399,61.97,64.68,67.43,40.1
2014-11-21,206.68,66.26,62.28,64.68,67.8,40.2
2014-11-24,207.26,66.44,62.49,64.68,68.14,40.27
2014-11-25,207.11,66.56,62.44,65.439,68.25,40.28
2014-11-26,207.64,66.3,62.58,65.4892,68.73,40.46
2014-11-28,207.2,66.0,62.6,65.621,68.85,40.68
2014-12-01,205.76,65.6138,62.29,65.24,68.37,40.53
2014-12-02,207.085,66.181,62.61,65.42,68.82,40.67
2014-12-03,207.89,66.411,62.91,65.6961,68.95,40.74
2014-12-05,208.0,66.5,62.97,65.684,69.2101,40.7
2014-12-08,206.61,65.9348,62.5,65.45,68.97,40.63
2014-12-09,206.47,65.9348,62.6,65.39,68.95,40.53
2014-12-10,203.1601,64.84,61.546,64.6,67.91,40.04
2014-12-11,204.19,65.14,61.88,65.22,68.2787,40.285
2014-12-12,200.89,64.6199,61.0,64.2439,67.51,39.76
2014-12-15,199.51,63.54,60.7,63.57,67.04,39.56
2014-12-17,201.79,63.15,60.983,63.96,67.43,40.04
2014-12-18,206.78,65.54,62.71,65.078,69.2,40.79
2014-12-19,206.52,66.207,62.979,65.84,69.23,40.88
2014-12-22,207.47,66.5399,62.98,66.24,69.2399,41.13
2014-12-23,207.75,66.9971,62.999,66.659,68.879,41.18
2014-12-24,207.77,66.54,62.8799,66.299,68.74,40.99
2014-12-26,208.44,66.73,63.03,66.51,69.06,41.07
2014-12-29,208.72,66.8462,63.05,66.62,69.04,41.11
2014-12-30,207.6,66.56,62.81,66.3,68.5,40.94
2014-12-31,205.54,66.01,62.25,65.53,68.06,40.48
2015-01-02,205.43,65.3901,62.24,65.32,67.95,40.51
2015-01-05,201.72,65.3901,61.3,64.53,67.07,40.13
2015-01-06,199.82,64.03,60.7699,64.27,66.5,40.02
2015-01-07,202.31,64.54,61.46,64.86,67.6,40.53
2015-01-08,205.9,65.849,62.61,65.83,68.98,41.13
2015-01-09,204.25,65.2305,62.07,65.4,68.62,40.89
2015-01-12,202.65,64.55,61.56,64.9,68.22,40.71
2015-01-13,202.08,64.37,61.3881,64.81,67.99,40.67
2015-01-14,200.86,63.8582,61.15,64.41,67.76,40.53
2015-01-15,199.0199,63.29,60.5799,64.34,67.31,40.47
2015-01-16,201.63,64.135,61.3999,64.52,68.13,40.91
2015-01-20,202.055,63.93,61.68,64.935,68.5,40.98
2015-01-21,203.08,64.41,61.7996,65.16,68.77,41.045
2015-01-22,206.1,64.88,62.79,66.09,69.95,41.65
2015-01-23,204.97,65.09,62.65,66.012,69.81,41.43
2015-01-26,205.45,64.99,62.76,66.19,69.88,41.52
2015-01-27,202.74,64.72,61.71,65.71,68.99,41.22
2015-01-28,200.14,63.4,61.13,65.72,68.2,40.75
2015-01-29,201.9902,63.93,61.7225,65.26,68.85,40.96
2015-01-30,199.45,63.29,61.17,64.4924,67.59,40.28
2015-02-02,201.92,63.1099,61.72,64.72,68.09,40.63
2015-02-03,204.84,65.29,62.65,65.8764,68.74,41.08
2015-02-04,204.06,65.468,62.2,65.78,68.63,40.98
2015-02-05,206.12,65.79,62.96,66.49,69.375,41.38
2015-02-06,205.55,66.0443,62.54,66.1612,68.71,41.02
2015-02-09,204.63,65.36,62.34,66.1612,68.28,40.8
2015-02-10,206.81,65.97,63.0,66.354,69.23,41.23
2015-02-11,206.93,66.067,63.03,66.285,69.59,41.25
2015-02-12,208.92,66.72,63.546,66.85,70.04,41.45
2015-02-13,209.78,67.0099,63.94,66.88,70.13,41.48
2015-02-17,210.11,67.18,63.98,67.0718,70.43,41.5
2015-02-18,210.13,67.04,64.11,66.86,70.64,41.64
2015-02-19,209.98,67.04,64.23,67.287,70.684,41.46
2015-02-20,211.239,67.07,64.7,67.1525,71.26,41.73
2015-02-23,211.209,67.15,64.75,67.46,71.51,41.78
2015-02-24,211.81,67.42,64.89,67.585,71.59,41.8
2015-02-25,211.63,67.34,64.99,67.59,71.42,41.81
2015-02-27,210.66,67.04,64.85,67.35,71.26,41.75
2015-03-02,211.99,67.4,65.35,67.43,71.7,41.89
2015-03-03,211.12,66.94,64.98,67.34,71.22,41.73
2015-03-04,210.2301,66.71,64.7072,66.91,71.13,41.54
2015-03-05,210.46,66.8099,64.91,67.17,71.29,41.69
2015-03-06,207.5,65.76,63.9299,66.1606,70.15,40.95
2015-03-09,208.36,66.18,64.29,66.43,70.58,41.14
2015-03-10,204.98,65.06,63.22,65.6796,69.49,40.61
2015-03-11,204.5,65.078,62.9,65.58,69.34,40.52
2015-03-12,207.1,65.618,63.56,66.214,70.12,41.05
2015-03-13,205.8272,65.43,63.13,66.08,69.82,40.85
2015-03-16,208.58,66.19,64.06,66.8199,70.89,41.41
2015-03-17,207.96,66.07,63.78,66.6,70.9358,41.23
2015-03-18,210.46,66.8,64.56,67.76,71.7,41.73
2015-03-19,209.5,66.3876,64.5499,67.21,71.8,41.6
2015-03-20,210.41,67.233,65.17,67.96,72.3399,41.93
2015-03-23,210.0,67.1,65.1599,67.87,71.97,42.0
2015-03-24,208.82,66.62,64.71,67.4499,71.61,41.75
2015-03-25,205.76,65.566,63.5599,66.22,69.92,41.05
2015-03-26,205.27,65.3,63.46,66.053,69.9372,40.92
2015-03-27,205.74,65.2287,63.49,66.215,70.46,41.1
2015-03-30,208.25,66.1,64.22,67.19,71.11,41.55
2015-03-31,206.43,66.1,63.61,66.6,70.2999,41.26
2015-04-01,205.7,65.57,63.23,66.58,69.72,41.16
2015-04-02,206.435,65.628,63.35,66.8,69.89,41.24
2015-04-06,207.83,66.26,63.6972,67.294,70.236,41.47
2015-04-07,207.28,65.97,63.8199,67.26,70.22,41.31
2015-04-08,207.975,66.02,63.9,67.0601,70.46,41.43
2015-04-09,208.9,66.2798,64.22,67.16,70.701,41.5
2015-04-10,210.04,66.678,64.38,67.5,71.1,41.61
2015-04-13,209.09,66.6316,64.17,67.2004,70.73,41.43
2015-04-14,209.49,66.6,64.0076,67.2412,70.65,41.52
2015-04-15,210.43,67.3,64.41,67.2412,70.88,41.56
2015-04-16,210.37,66.98,64.25,67.341,70.92,41.52
2015-04-17,207.95,66.28,63.44,66.49,70.06,41.11
2015-04-20,209.85,66.946,64.14,67.24,70.82,41.46
2015-04-21,209.6,66.88,64.2,67.24,71.025,41.44
2015-04-22,210.63,66.47,64.58,67.35,71.27,41.58
2015-04-23,211.16,67.2,64.89,67.63,71.37,41.735
2015-04-24,211.6499,67.09,65.134,67.32,71.49,41.8
2015-04-27,210.77,67.098,64.88,67.28,70.9348,41.51
2015-04-28,211.44,67.2266,64.95,67.09,71.0,41.68
2015-04-29,210.57,67.0212,64.5808,66.7944,70.54,41.36
2015-04-30,208.46,66.54,63.72,66.22,69.565,41.02
2015-05-01,210.72,67.0101,64.63,66.7414,70.6299,41.33
2015-05-04,211.32,67.45,64.77,67.2495,70.8,41.45
2015-05-05,208.9,66.67,64.1,66.21,69.748,41.0
2015-05-06,208.04,66.38,63.74,65.86,69.47,40.9
2015-05-07,208.87,66.5503,64.08,66.41,70.06,41.12
2015-05-08,211.62,67.3416,65.04,67.1524,70.96,41.59
2015-05-11,210.605,67.02,64.8421,67.1524,70.73,41.37
2015-05-12,209.98,66.9399,64.64,66.76,70.48,41.29
2015-05-13,210.02,66.79,64.62,66.69,70.56,41.25
2015-05-14,212.21,67.3801,65.3972,66.69,71.55,41.74
2015-05-15,212.44,67.51,65.4499,67.2601,71.7,41.88
2015-05-18,213.1,67.7,65.63,67.6494,72.08,41.94
2015-05-19,213.03,67.7461,65.69,67.6494,72.06,41.97
2015-05-20,212.88,67.836,65.62,67.801,72.04,41.945
2015-05-21,213.5,67.82,65.73,67.7006,72.14,41.92
2015-05-22,212.99,67.89,65.53,67.72,72.03,41.81
2015-05-26,210.7,66.9499,64.73,66.94,71.3,41.45
2015-05-27,212.7,67.434,65.26,67.36,72.241,41.72
2015-05-28,212.46,67.55,65.2222,67.4,72.1395,41.69
2015-05-29,211.14,67.15,64.69,67.299,71.91,41.44
2015-06-01,211.57,67.15,64.86,67.291,71.97,41.55
2015-06-02,211.36,67.24,64.8,67.291,71.66,41.41
2015-06-03,211.92,67.3995,64.92,67.2101,71.77,41.4
2015-06-05,209.77,66.8812,64.2,66.5869,71.0,40.88
2015-06-08,208.48,66.6299,63.79,66.43,70.58,40.7
2015-06-09,208.45,66.66,63.78,66.12,70.64,40.63
2015-06-10,210.95,67.334,64.65,66.84,71.5,40.98
2015-06-11,211.63,67.44,64.91,67.03,71.7,41.19
2015-06-12,210.01,66.93,64.39,66.7199,71.31,40.94
2015-06-15,209.11,66.62,64.05,66.33,71.26,40.72
2015-06-16,210.25,66.9668,64.47,66.694,71.73,40.99
2015-06-17,210.59,66.9668,64.7243,67.0452,71.84,41.14
2015-06-18,212.78,67.71,65.3899,67.54,72.863,41.58
2015-06-19,210.81,67.444,65.18,67.37,72.8,41.41
2015-06-22,211.89,67.74,65.4099,67.5801,73.13,41.53
2015-06-23,212.04,67.74,65.3,67.5801,73.27,41.49
2015-06-24,210.5,66.983,64.6412,66.76,72.4,40.99
2015-06-25,209.86,67.0043,64.4,66.76,72.8,40.9
2015-06-29,205.42,65.55,62.91,65.3,71.23,40.28
2015-06-30,205.85,65.7,63.2,65.443,71.44,40.32
2015-07-01,207.5,65.75,63.52,65.84,72.11,40.8
2015-07-02,207.31,65.89,63.62,65.84,71.95,40.83
2015-07-06,206.72,65.37,63.35,65.84,71.8,40.86
2015-07-07,208.02,65.84,63.79,66.27,72.2499,41.25
2015-07-08,204.53,64.66,62.82,65.3201,71.19,40.81
2015-07-09,204.9,65.0483,63.01,65.81,71.48,40.81
2015-07-10,207.48,65.68,63.67,66.12,72.59,41.24
2015-07-13,209.77,66.32,64.52,66.12,73.36,41.53
2015-07-14,210.68,66.6733,64.8,66.9008,73.78,41.62
2015-07-15,210.61,66.48,64.76,66.77,73.64,41.59
2015-07-16,212.3,66.9397,65.22,66.77,74.06,41.86
2015-07-17,212.48,66.9397,65.67,66.73,74.06,41.77
2015-07-20,212.59,66.865,65.81,66.84,74.2999,41.79
2015-07-21,211.75,66.4279,65.62,66.85,73.88,41.6
2015-07-22,211.37,66.43,65.35,66.85,73.91,41.66
2015-07-23,210.18,66.1604,65.0,66.85,73.5426,41.4
2015-07-27,206.79,64.83,63.62,65.2705,72.8,41.14
2015-07-28,209.33,65.63,64.465,65.5801,73.729,41.57
2015-07-29,210.77,66.24,65.0099,65.5801,74.21,41.85
2015-07-30,210.82,66.1501,65.22,65.5801,74.14,41.87
2015-07-31,210.5,65.91,65.02,67.07,74.1504,41.94
2015-08-03,209.79,65.7701,64.76,66.71,74.07,41.98
2015-08-04,209.38,65.49,64.78,66.71,73.79,41.95
2015-08-05,210.07,65.64,65.31,66.99,74.09,42.2
2015-08-06,208.35,65.37,64.52,66.256,72.76,41.95
2015-08-07,207.95,65.37,64.38,66.3521,72.71,41.94
2015-08-10,210.57,66.02,65.12,67.15,73.2569,42.21
2015-08-11,208.67,65.31,64.61,66.7268,72.82,42.12
2015-08-12,208.92,65.34,64.7,66.03,72.59,42.24
2015-08-13,208.66,65.63,64.71,66.702,72.85,42.25
2015-08-14,209.42,65.61,64.86,66.975,73.03,42.45
2015-08-17,210.59,65.85,65.2,67.4766,73.768,42.63
2015-08-18,209.98,65.77,65.1214,67.34,73.67,42.62
2015-08-19,208.32,65.2409,64.87,67.06,73.38,42.47
2015-08-20,203.97,63.94,63.52,65.9,71.58,41.86
2015-08-21,197.83,62.15,61.275,64.22,69.2,40.78
2015-08-24,189.5,59.71,58.94,61.2812,66.46,39.25
2015-08-25,187.27,59.99,58.25,62.18,66.28,38.58
2015-08-26,194.46,60.55,60.93,62.38,68.91,39.75
2015-08-27,199.27,61.95,62.16,63.838,70.6,40.48
2015-08-28,199.28,62.144,62.18,63.6299,70.47,40.44
2015-08-31,197.67,62.1,61.5,63.32,69.7,40.04
2015-09-01,191.77,60.06,59.82,61.57,67.81,39.09
2015-09-02,195.41,60.58,60.8599,62.28,69.34,39.65
2015-09-03,195.55,61.4052,60.99,62.88,69.33,39.74
2015-09-04,192.59,60.59,60.12,62.0,68.6399,39.2
2015-09-08,197.43,61.86,61.59,63.15,70.31,40.02
2015-09-14,196.01,61.42,61.11,62.73,70.1661,39.7
2015-09-17,199.73,62.8999,62.2499,64.68,71.75,40.52
2015-09-18,195.45,61.41,61.31,63.354,70.7099,40.13
2015-09-22,193.91,60.59,61.07,62.4326,70.39,39.96
2015-09-23,193.6,60.5,60.93,62.5435,70.48,40.04
2015-09-24,192.9,60.31,60.76,62.205,69.95,40.01
2015-09-25,192.85,59.97,60.56,62.47,69.365,39.82
2015-09-28,188.01,58.44,59.23,61.1501,67.1999,39.02
2015-09-29,188.12,58.472,59.41,60.51,66.7,39.1
2015-09-30,191.63,59.96,60.45,61.78,68.21,39.59
2015-10-01,192.13,59.69,60.44,61.67,68.79,39.64
2015-10-02,195.0,60.505,61.24,62.56,69.79,40.14
2015-10-05,198.47,62.28,62.21,63.66,70.515,40.71
2015-10-06,197.79,62.26,61.99,63.38,69.62,40.4
2015-10-07,199.41,62.95,62.49,63.98,69.83,40.69
2015-10-08,201.21,63.66,63.1,64.66,70.3,41.0
2015-10-09,201.33,63.5566,63.15,64.51,70.68,41.08
2015-10-13,200.25,63.32,62.62,64.3,70.55,41.03
2015-10-15,202.35,63.78,63.19,64.68,70.96,41.19
2015-10-16,203.27,63.8367,63.55,64.86,71.55,41.52
2015-10-19,203.37,63.96,63.63,64.95,71.88,41.61
2015-10-20,203.09,63.88,63.65,65.04,71.27,41.54
2015-10-21,201.85,63.2939,63.5,64.81,70.7,41.39
2015-10-22,205.26,64.17,64.92,65.58,71.17,41.99
2015-10-23,207.51,64.69,65.53,65.6916,72.11,42.01
2015-10-26,207.0,64.27,65.47,65.59,72.51,42.03
2015-10-27,206.6,63.88,65.33,65.38,72.76,41.97
2015-10-28,208.95,64.9,65.98,65.85,73.35,42.21
2015-10-29,208.83,64.5599,65.93,65.99,73.47,42.21
2015-10-30,207.93,64.34,65.68,65.9705,73.2,41.96
2015-11-02,210.39,65.17,66.32,66.48,73.57,42.34
2015-11-03,211.0,65.25,66.64,66.19,73.42,42.3
2015-11-05,210.15,64.8338,66.15,66.139,73.925,42.13
2015-11-11,207.74,64.0537,65.42,65.8076,73.22,41.68
2015-11-12,204.84,63.28,64.51,65.0,72.23,41.19
2015-11-18,208.73,64.0,65.73,65.58,73.4999,41.85
2015-11-19,208.55,63.75,65.75,65.7837,73.05,41.86
2015-11-24,209.35,63.97,66.18,65.73,73.85,41.98
2015-11-25,209.32,63.9754,66.23,66.21,74.1,41.99
2015-11-27,209.56,64.0305,66.31,66.15,74.26,42.07
2015-11-30,208.69,63.9001,65.97,66.35,73.59,41.87
2015-12-01,210.68,64.47,66.41,66.63,74.44,42.32
2015-12-02,208.529,63.8599,65.89,65.965,74.05,41.92
2015-12-03,205.61,62.9301,64.9,64.85,72.84,41.37
2015-12-07,208.35,63.62,66.01,65.7499,74.13,42.129
2015-12-08,206.949,62.88,65.63,65.28,74.21,42.04
2015-12-09,205.34,62.4679,65.04,64.735,73.17,41.68
2015-12-10,205.87,63.28,65.24,64.9242,73.23,41.66
2015-12-11,201.88,61.64,63.94,63.72,71.97,41.16
2015-12-14,202.9008,61.35,64.37,63.76,72.72,41.45
2015-12-15,205.0308,62.44,64.96,64.45,73.15,41.8
2015-12-16,208.03,63.32,65.78,65.32,74.3,42.4
2015-12-17,204.86,62.25,64.86,64.4301,73.45,41.97
2015-12-18,200.0208,61.5185,63.66,63.818,72.33,41.37
2015-12-21,201.67,61.79,64.22,63.8,72.97,41.65
2015-12-22,203.5,62.45,64.76,64.0155,73.39,41.97
2015-12-23,206.02,63.43,65.51,65.25,73.83,42.37
2015-12-28,205.21,62.42,65.01,64.83,73.64,42.09
2015-12-29,207.4,63.16,65.7,65.45,74.53,42.44
2015-12-30,205.93,62.6101,65.26,65.2897,74.13,42.26
2016-01-04,201.0192,61.18,63.62,63.2,71.81,41.3
2016-01-06,198.82,60.16,63.03,62.86,71.77,41.32
2016-01-07,194.05,58.86,61.53,61.78,70.17,40.65
2016-01-08,191.923,58.218,60.83,61.04,69.5,40.24
2016-01-11,192.11,57.86,60.92,60.6848,69.92,40.3
2016-01-12,193.6608,58.28,61.54,61.19,70.67,40.51
2016-01-13,188.83,56.758,60.1453,59.86,68.49,39.87
2016-01-14,191.93,57.32,61.05,60.62,69.26,40.28
2016-01-15,187.81,55.83,59.85,59.54,67.95,39.76
2016-01-20,185.65,54.75,59.18,58.91,67.79,39.41
2016-01-21,186.69,54.99,59.44,59.31,68.02,39.53
2016-01-22,190.52,55.88,60.73,60.296,69.36,40.28
2016-01-25,187.64,54.84,59.8,59.31,68.62,39.94
2016-01-26,190.2,55.82,60.69,60.2,69.22,40.46
2016-01-27,188.13,55.61,59.93,59.83,68.19,40.225
2016-01-28,189.11,55.49,60.14,59.932,69.18,40.28
2016-01-29,193.7208,56.84,61.59,61.39,70.5,41.24
2016-02-01,193.65,57.25,61.64,61.3952,70.88,41.39
2016-02-02,190.16,55.51,60.61,60.4,69.87,40.96
2016-02-03,191.3,55.86,61.05,60.53,69.14,41.06
2016-02-04,191.6,56.15,61.17,61.1,68.44,40.94
2016-02-05,187.95,55.53,60.06,60.83,66.39,40.46
2016-02-08,185.42,54.6099,59.44,59.08,64.88,40.09
2016-02-09,185.43,54.45,59.59,59.15,65.23,40.1
2016-02-10,185.27,54.4,59.66,59.26,65.94,40.2
2016-02-11,182.86,53.5399,58.93,58.25,65.43,39.84
2016-02-12,186.63,54.96,59.97,59.3618,66.32,40.39
2016-02-16,189.78,56.23,60.93,60.5199,67.46,40.88
2016-02-17,192.88,57.245,61.83,61.4099,68.54,41.26
2016-02-18,192.09,56.9693,61.7,61.2591,67.97,41.35
2016-02-19,192.0,56.68,61.64,61.187,68.36,41.38
2016-02-22,194.78,57.87,62.37,62.0598,69.39,41.78
2016-02-23,192.32,57.07,61.69,61.76,69.05,41.58
2016-02-24,193.2,57.32,62.02,61.87,69.45,41.77
2016-02-26,195.0892,58.03,62.42,62.81,70.26,41.95
2016-02-29,193.56,57.8732,61.96,62.146,69.6,41.67
2016-03-01,198.11,59.03,63.36,63.124,71.2,42.31
2016-03-03,199.775,59.93,63.55,63.65,71.01,42.52
2016-03-07,200.59,60.62,63.73,64.3624,70.16,42.59
2016-03-09,199.38,59.99,63.43,64.06,70.25,42.59
2016-03-10,199.54,60.16,63.48,63.8001,70.3299,42.65
2016-03-11,202.76,61.33,64.39,65.03,71.45,43.15
2016-03-14,202.5,61.1,64.38,65.12,71.6,43.16
2016-03-15,202.17,60.7401,64.45,64.79,71.56,43.14
2016-03-16,203.34,61.22,64.74,65.3599,71.95,43.35
2016-03-17,204.63,61.59,65.25,65.9355,71.91,43.6
2016-03-18,204.38,62.1,65.4,66.1799,72.05,43.68
2016-03-21,204.67,62.16,65.54,66.11,72.18,43.64
2016-03-22,204.56,62.09,65.51,66.162,72.21,43.57
2016-03-23,203.2092,60.83,64.875,65.34,71.93,43.29
2016-03-24,203.12,60.74,64.8,64.95,71.91,43.29
2016-03-28,203.24,60.79,64.89,65.42,72.12,43.39
2016-03-30,206.02,61.5,65.79,66.428,73.3,43.99
2016-04-01,206.92,61.43,66.12,66.5224,73.9,44.3
2016-04-04,206.25,61.03,65.89,66.25,73.53,44.22
2016-04-05,204.1892,60.4,65.43,65.72,72.77,43.85
2016-04-07,203.95,60.18,65.34,65.334,72.96,43.88
2016-04-08,204.4992,60.34,65.5,65.741,72.84,43.98
2016-04-11,204.0201,60.25,65.33,65.7307,72.39,43.81
2016-04-12,205.92,60.86,65.92,66.0099,72.81,44.08
2016-04-13,208.0008,61.81,66.47,66.629,73.22,44.09
2016-04-14,208.01,61.74,66.44,66.56,73.15,44.01
2016-04-18,209.2392,62.02,66.86,67.05,73.85,44.45
2016-04-19,209.9,62.58,67.01,67.26,73.59,44.54
2016-04-20,210.1,63.0,66.96,67.4301,73.72,44.29
2016-04-21,208.97,62.68,66.57,66.601,73.24,43.76
2016-04-22,208.97,63.02,66.51,66.86,72.77,43.9
2016-04-25,208.61,62.73,66.46,66.73,72.9,44.0
2016-04-26,208.9192,63.05,66.56,67.1999,72.82,43.97
2016-04-27,209.35,63.39,66.6,67.36,72.81,44.12
2016-04-28,207.4475,62.7,65.98,67.534,72.52,43.92
2016-04-29,206.3308,61.81,65.36,66.3417,72.64,43.77
2016-05-02,207.97,62.03,65.95,67.0,73.56,44.15
2016-05-03,206.1592,61.31,65.43,66.62,73.06,44.0
2016-05-04,205.01,60.66,65.02,66.3599,72.99,44.05
2016-05-05,204.97,60.51,65.05,66.5916,72.87,44.08
2016-05-06,205.72,60.78,65.2,66.56,73.33,44.22
2016-05-09,205.8892,60.64,65.34,66.76,73.85,44.41
2016-05-10,208.45,61.43,66.08,67.54,74.84,44.78
2016-05-11,206.5,60.79,65.38,67.05,74.03,44.41
2016-05-12,206.56,60.57,65.51,66.87,74.21,44.55
2016-05-13,204.76,59.99,64.93,66.2617,73.8,44.25
2016-05-16,206.78,60.7,65.55,67.03,74.28,44.63
2016-05-17,204.8508,60.39,64.94,66.35,73.25,44.02
2016-05-18,204.91,60.44,64.84,66.15,73.23,43.76
2016-05-19,204.2,60.44,64.57,66.11,72.98,43.74
2016-05-20,205.49,60.99,64.8671,66.32,73.31,43.84
2016-05-23,205.21,60.98,64.76,66.44,73.01,43.73
2016-05-24,207.87,61.78,65.75,67.12,74.18,44.17
2016-05-25,209.28,62.4,66.03,67.532,74.22,44.25
2016-05-26,209.34,62.35,66.01,67.56,74.37,44.38
2016-05-27,210.24,62.63,66.24,67.72,74.62,44.49
2016-05-31,209.84,62.72,66.06,67.96,74.42,44.46
2016-06-01,210.27,62.7,66.16,67.95,74.63,44.54
2016-06-02,210.91,62.95,66.21,68.3,74.83,44.72
2016-06-03,210.28,62.6,66.08,68.16,75.12,44.83
2016-06-06,211.35,63.02,66.5,68.245,75.08,44.8
2016-06-07,211.68,63.29,66.45,68.49,75.1,44.86
2016-06-08,212.37,63.44,66.65,68.75,75.56,45.1
2016-06-09,212.08,63.26,66.57,68.63,75.8403,45.24
2016-06-10,210.07,62.53,66.03,68.02,75.4,45.06
2016-06-13,208.4492,61.86,65.51,67.59,74.92,44.8
2016-06-14,208.04,61.46,65.42,67.3732,75.0,44.86
2016-06-15,207.75,61.47,65.24,67.37,74.83,44.8
2016-06-16,208.37,61.45,65.57,67.2591,75.13,45.03
2016-06-17,206.52,61.6,65.31,67.47,74.66,44.83
2016-06-20,207.85,61.99,65.73,68.02,75.1,45.02
2016-06-21,208.44,61.76,65.48,67.78,75.04,44.93
2016-06-22,208.1,61.65,65.38,68.01,74.86,44.92
2016-06-23,210.81,62.63,66.21,68.3199,75.54,45.31
2016-06-24,203.13,60.03,63.9201,66.24,73.94,44.51
2016-06-27,199.6,58.44,62.94,64.8305,73.59,44.29
2016-06-28,203.1997,59.6,63.98,65.38,74.49,44.82
2016-06-29,206.66,60.7,65.03,67.1745,75.34,45.42
2016-06-30,209.475,61.63,66.0,68.1,76.4,46.21
2016-07-01,209.9208,61.76,66.12,68.418,76.47,46.29
2016-07-05,208.41,60.9,65.73,67.82,76.72,46.42
2016-07-06,209.66,61.33,66.0,67.84,77.19,46.53
2016-07-07,209.526,61.4,65.96,68.19,76.78,46.31
2016-07-08,212.65,62.54,66.87,69.2192,77.7,46.83
2016-07-11,213.4,62.82,67.05,69.44,77.86,46.87
2016-07-12,214.95,63.64,67.41,69.79,77.68,46.76
2016-07-13,214.92,63.66,67.4,69.79,77.8,46.93
2016-07-14,216.12,64.1,67.71,70.0,77.94,47.0
2016-07-15,215.83,64.09,67.72,69.9,77.85,46.91
2016-07-18,216.4092,64.29,67.84,70.052,78.02,46.88
2016-07-19,216.19,64.17,67.88,69.93,78.2,46.93
2016-07-20,217.085,64.55,68.19,70.27,78.34,46.96
2016-07-21,216.265,64.32,67.92,69.97,77.95,46.9
2016-07-22,217.24,64.61,68.25,70.0901,78.49,47.18
2016-07-25,216.65,64.48,68.15,70.27,78.28,47.05
2016-07-26,216.75,64.66,67.98,70.565,78.03,46.96
2016-07-27,216.52,64.62,67.94,70.25,77.77,46.69
2016-07-28,216.77,64.411,67.96,70.359,78.14,46.79
2016-07-29,217.12,64.42,68.01,70.425,78.45,46.89
2016-08-01,216.94,64.13,67.94,70.28,78.57,46.96
2016-08-02,215.5492,63.32,67.69,69.53,78.23,46.75
2016-08-03,216.18,63.8101,67.79,69.8489,77.92,46.4
2016-08-04,216.4097,63.82,67.77,69.948,78.09,46.54
2016-08-05,218.18,64.64,68.34,70.3107,78.34,46.68
2016-08-08,218.05,64.6,68.3,70.3507,78.15,46.56
2016-08-09,218.18,64.66,68.25,70.285,78.35,46.66
2016-08-10,217.64,64.34,68.13,70.1,78.47,46.69
2016-08-11,218.65,64.81,68.49,70.53,78.71,46.77
2016-08-12,218.46,64.77,68.4,70.51,78.68,46.71
2016-08-15,219.09,65.21,68.59,70.66,78.46,46.64
2016-08-16,217.96,64.9818,68.17,70.3599,77.7,46.22
2016-08-17,218.37,64.97,68.37,70.1,77.96,46.33
2016-08-18,218.86,65.21,68.42,70.4948,77.99,46.48
2016-08-19,218.54,65.17,68.4101,70.55,77.73,46.32
2016-08-22,218.53,65.06,68.37,70.417,77.84,46.38
2016-08-23,218.97,65.38,68.52,70.69,77.88,46.38
2016-08-24,217.85,65.03,68.24,70.34,77.44,46.15
2016-08-25,217.7,64.94,68.24,70.57,77.4,46.16
2016-08-26,217.29,64.85,68.04,70.02,77.1728,45.94
2016-08-29,218.3608,65.26,68.28,70.56,77.67,46.25
2016-08-30,218.0,65.28,68.04,70.4799,77.34,45.99
2016-08-31,217.38,65.22,67.86,69.969,77.28,45.97
2016-09-01,217.39,65.03,67.81,70.248,77.41,45.99
2016-09-02,218.37,65.4,68.13,70.47,77.82,46.27
2016-09-06,219.0308,65.53,68.21,70.7,78.27,46.43
2016-09-07,219.01,65.67,68.22,70.75,78.06,46.4
2016-09-08,218.51,65.63,67.93,70.7,77.69,46.14
2016-09-09,213.28,64.15,66.3925,68.985,75.61,44.9
2016-09-12,216.34,65.13,67.27,69.15,76.75,45.54
2016-09-13,213.23,64.38,66.49,68.5508,75.68,44.89
2016-09-14,213.15,64.115,66.49,68.49,75.79,44.83
2016-09-15,215.28,64.93,67.14,69.1895,76.5,45.23
2016-09-16,213.37,64.835,66.84,68.7201,76.4,45.11
2016-09-19,213.41,64.87,66.92,69.2,76.51,45.21
2016-09-20,213.42,64.79,67.0,69.1903,76.59,45.26
2016-09-21,215.82,65.47,67.71,69.33,77.67,45.88
2016-09-22,217.18,65.8,68.07,70.5,78.26,46.17
2016-09-23,215.99,65.53,67.64,70.1938,77.91,45.97
2016-09-26,214.24,64.41,66.89,69.341,77.13,45.48
2016-09-27,215.57,64.84,67.27,69.4979,77.6345,45.62
2016-09-28,216.64,65.22,67.47,69.5499,77.75,45.66
2016-09-29,214.68,64.49,66.88,69.4166,77.1,45.23
2016-09-30,216.3,65.28,67.49,69.789,77.37,45.43
2016-10-03,215.78,65.14,67.28,69.34,77.09,45.11
2016-10-04,214.68,64.9889,66.85,69.07,76.34,44.67
2016-10-05,215.63,65.558,67.1,69.135,76.29,44.57
2016-10-06,215.78,65.535,67.16,69.2099,76.52,44.6
2016-10-07,215.04,65.18,66.96,68.88,76.22,44.55
2016-10-10,216.16,65.62,67.29,69.1565,76.56,44.77
2016-10-11,213.43,64.76,66.55,68.25,75.61,44.21
2016-10-12,213.71,64.71,66.64,68.53,76.11,44.44
2016-10-13,213.01,64.41,66.49,68.25,76.03,44.47
2016-10-14,213.12,64.34,66.56,68.705,75.95,44.45
2016-10-17,212.38,64.18,66.45,68.18,75.81,44.35
2016-10-18,213.71,64.72,66.48,68.55,76.21,44.55
2016-10-19,214.28,64.81,66.6,68.67,76.17,44.51
2016-10-20,213.88,64.77,66.39,68.46,76.08,44.35
2016-10-21,213.98,64.57,66.28,68.35,76.14,44.23
2016-10-24,214.89,64.86,66.58,68.72,76.65,44.38
2016-10-25,214.17,64.62,66.28,68.42,76.22,44.29
2016-10-26,213.74,64.62,66.35,68.185,75.76,44.13
2016-10-27,213.17,64.37,66.09,67.88,75.27,43.82
2016-10-28,212.54,64.33,66.11,68.2202,75.43,43.91
2016-10-31,212.55,64.5,66.11,68.28,75.87,44.18
2016-11-01,211.01,64.06,65.65,67.4762,75.14,43.71
2016-11-02,209.74,63.84,65.32,67.115,74.62,43.64
2016-11-03,208.78,63.47,65.17,67.04,74.2,43.54
2016-11-04,208.55,63.37,65.06,66.965,74.12,43.5
2016-11-07,213.15,64.79,66.43,68.19,75.601,44.2
2016-11-08,214.11,64.97,66.75,68.635,76.15,44.49
2016-11-09,216.3792,66.28,67.54,69.31,75.83,44.36
2016-11-10,216.92,67.04,67.63,69.3565,74.86,44.13
2016-11-11,216.42,67.1,67.56,69.28,74.76,44.06
2016-11-14,216.59,67.7928,67.38,69.61,74.15,44.0
2016-11-15,218.28,68.33,67.67,70.3,74.85,44.25
2016-11-16,217.87,68.01,67.78,70.18,75.07,44.3
2016-11-17,218.99,68.19,68.1,70.55,75.48,44.43
2016-11-18,218.5,68.05,67.98,70.35,75.27,44.31
2016-11-21,220.15,68.45,68.42,70.83,75.78,44.49
2016-11-22,220.58,68.7,68.63,71.0308,76.04,44.63
2016-11-23,220.7,68.93,68.43,71.1098,76.2,44.52
2016-11-25,221.52,69.16,68.71,71.405,76.33,44.76
2016-11-28,220.48,68.77,68.48,71.14,76.3,44.83
2016-11-29,220.91,68.81,68.5,71.33,76.6,45.02
2016-11-30,220.38,69.07,68.1,71.13,75.42,44.45
2016-12-01,219.57,69.17,67.87,70.5,74.0,44.08
2016-12-02,219.68,69.05,67.87,70.5442,74.44,44.22
2016-12-05,221.0,69.44,68.17,71.0999,74.99,44.33
2016-12-06,221.7,69.83,68.29,71.4699,75.18,44.46
2016-12-07,224.6,70.95,69.19,72.32,76.16,45.01
2016-12-08,225.15,71.32,69.33,72.75,76.13,45.03
2016-12-09,226.51,71.71,69.7,72.7709,76.35,45.32
2016-12-12,226.25,71.44,69.82,72.7537,76.26,45.54
2016-12-13,227.76,71.85,70.32,73.12,76.89,45.77
2016-12-14,225.88,71.18,69.75,72.325,76.43,45.32
2016-12-15,226.81,71.55,69.94,72.57,76.82,45.43
2016-12-16,225.04,71.31,69.91,72.5423,76.61,45.6
2016-12-19,225.53,71.45,70.05,72.675,76.87,45.75
2016-12-20,226.4,71.74,70.28,72.8856,77.12,45.77
2016-12-21,225.77,71.63,70.1,72.8,77.03,45.62
2016-12-22,225.38,70.87,69.7,72.08,76.61,45.3
2016-12-23,225.71,71.06,69.75,72.23,76.75,45.37
2016-12-27,226.27,71.23,69.81,72.34,77.09,45.42
2016-12-28,224.4,70.55,69.31,71.65,76.3,45.15
2016-12-29,224.35,70.44,69.39,71.86,76.46,45.37
2016-12-30,223.53,70.19,69.1,71.82,75.86,45.22
2017-01-03,225.24,70.92,69.6,71.94,76.08,45.34
2017-01-04,226.58,71.67,69.99,72.7997,76.53,45.55
2017-01-05,226.4,71.28,69.92,72.6331,76.78,45.6
2017-01-06,227.21,71.21,70.16,72.876,77.22,45.66
2017-01-09,226.46,70.95,69.81,72.5268,77.19,45.44
2017-01-10,226.46,71.23,69.7,72.5125,77.15,45.38
2017-01-11,227.1,71.25,69.74,72.4743,77.4,45.52
2017-01-12,226.53,70.99,69.66,72.63,77.31,45.51
2017-01-13,227.05,71.03,69.66,72.77,77.5,45.54
2017-01-17,226.25,70.72,69.7,72.5882,77.32,45.68
2017-01-18,226.75,70.86,69.82,72.94,77.55,45.72
2017-01-19,225.91,70.56,69.47,72.44,77.46,45.47
2017-01-20,226.74,70.67,69.66,72.585,77.62,45.63
2017-01-23,226.15,70.44,69.56,72.68,77.45,45.61
2017-01-24,227.6,71.18,70.03,73.11,78.08,45.72
2017-01-25,229.57,72.01,70.62,73.65,78.72,45.87
2017-01-26,229.33,71.82,70.45,73.58,78.61,45.8
2017-01-27,228.97,71.51,70.35,73.33,78.73,45.82
2017-01-30,227.55,71.06,70.04,73.04,78.25,45.68
2017-01-31,227.53,71.08,69.9,72.95,78.25,45.79
2017-02-01,227.62,71.57,69.8,72.61,78.43,45.48
2017-02-02,227.77,71.44,69.82,72.87,78.57,45.75
2017-02-03,229.34,72.18,70.33,73.59,78.89,45.99
2017-02-06,228.93,72.12,70.25,73.426,78.85,45.86
2017-02-07,228.94,71.96,70.36,73.42,79.09,45.98
2017-02-08,229.24,71.84,70.33,73.5603,79.29,46.14
2017-02-09,230.6,72.33,70.68,74.0335,79.44,46.34
2017-02-10,231.51,72.56,71.02,74.43,79.69,46.51
2017-02-13,232.77,73.1,71.41,74.786,79.93,46.66
2017-02-14,233.7,73.66,71.72,74.73,79.92,46.69
2017-02-15,234.92,74.15,72.17,75.2,80.3,46.87
2017-02-16,234.72,74.12,72.25,75.07,80.445,47.07
2017-02-17,235.09,74.17,72.55,75.36,80.54,47.11
2017-02-21,236.49,74.74,72.87,75.93,81.11,47.45
2017-02-22,236.28,74.56,72.86,75.83,81.19,47.46
2017-02-23,236.44,74.41,73.07,75.79,80.99,47.71
2017-02-24,236.74,74.48,73.3,75.8954,81.16,47.94
2017-02-27,237.11,74.75,73.29,76.275,81.33,47.85
2017-02-28,236.47,74.33,73.18,75.94,81.22,47.87
2017-03-01,239.78,75.32,74.14,76.77,82.07,48.18
2017-03-02,238.27,74.87,73.87,76.44,81.58,48.07
2017-03-03,238.42,75.03,73.84,76.26,81.71,47.98
2017-03-06,237.71,74.52,73.65,75.8492,81.56,47.89
2017-03-07,237.0,74.08,73.46,75.6,81.56,47.81
2017-03-08,236.56,73.96,73.34,75.5828,81.53,47.65
2017-03-09,236.86,73.79,73.34,75.42,81.67,47.67
2017-03-10,237.69,74.06,73.63,75.7,82.16,47.88
2017-03-13,237.81,73.94,73.64,75.7101,82.45,47.96
2017-03-14,236.9,73.64,73.41,75.5,82.15,47.81
2017-03-15,238.95,74.24,74.09,76.26,82.88,48.28
2017-03-16,238.48,74.11,73.93,76.1,82.67,48.12
2017-03-17,237.03,73.78,73.92,76.18,82.865,48.26
2017-03-20,236.77,73.5784,73.82,76.1394,82.917,48.1499
2017-03-21,233.73,72.3,73.09,75.2411,81.94,47.92
2017-03-22,234.28,72.56,73.23,75.19,82.37,47.99
2017-03-23,234.03,72.5,73.14,75.2647,82.21,47.96
2017-03-24,233.86,72.08,72.7,75.1581,82.15,47.71
2017-03-27,233.62,72.04,72.57,74.6734,82.05,47.62
2017-03-28,235.32,72.78,72.94,75.4172,82.38,47.75
2017-03-29,235.54,72.97,72.87,75.27,82.62,47.74
2017-03-30,236.29,73.31,72.95,75.59,82.65,47.75
2017-03-31,235.74,73.12,72.8,75.57,82.65,47.72
2017-04-03,235.33,72.83,72.62,75.1761,82.65,47.66
2017-04-04,235.48,72.88,72.6,75.13,82.6,47.68
2017-04-05,234.78,72.46,72.4,75.01,82.4856,47.7
2017-04-06,235.44,72.76,72.57,75.2542,82.64,47.68
2017-04-07,235.2,72.7,72.55,75.3,82.61,47.65
2017-04-10,235.34,72.78,72.55,75.33,82.59,47.72
2017-04-11,235.06,72.67,72.56,75.27,82.5,47.77
2017-04-12,234.03,72.26,72.33,75.01,82.19,47.71
2017-04-13,232.51,71.73,71.96,74.8387,81.8,47.53
2017-04-17,234.57,72.26,72.5,75.33,82.66,47.84
2017-04-18,233.87,71.97,72.27,75.28,82.61,47.85
2017-04-19,233.44,71.92,72.02,75.17,82.74,47.84
2017-04-20,235.34,72.66,72.54,75.61,83.22,47.99
2017-04-21,234.59,72.34,72.41,75.55,83.2,47.96
2017-04-24,237.17,73.21,73.02,76.185,84.05,48.32
2017-04-25,238.55,73.56,73.51,76.56,84.53,48.46
2017-04-26,238.4,73.62,73.38,76.67,84.25,48.45
2017-04-27,238.6,73.65,73.44,76.6692,84.65,48.5
2017-05-01,238.68,73.33,73.17,76.26,85.22,48.34
2017-05-02,238.77,73.36,73.3,76.03,85.07,48.32
2017-05-03,238.48,73.24,73.2,75.97,84.83,48.15
2017-05-04,238.76,73.16,73.28,76.0941,84.97,48.34
2017-05-05,239.7,73.61,73.53,76.59,85.41,48.52
2017-05-08,239.66,73.69,73.5,76.2316,85.35,48.37
2017-05-09,239.44,73.74,73.49,76.138,85.32,48.25
2017-05-10,239.87,73.85,73.48,76.3205,85.93,48.31
2017-05-11,239.38,73.63,73.31,76.18,85.9,48.24
2017-05-12,238.98,73.31,73.21,75.8214,86.05,48.15
2017-05-15,240.3,73.71,73.63,76.35,86.71,48.38
2017-05-16,240.08,73.51,73.57,76.08,86.85,48.2
2017-05-17,235.82,71.84,72.63,75.33,85.22,47.93
2017-05-18,236.77,71.92,72.78,75.43,85.85,48.06
2017-05-19,238.31,72.46,73.16,75.89,86.37,48.24
2017-05-22,239.52,72.75,73.63,76.39,87.16,48.55
2017-05-23,240.05,73.06,73.6,76.43,87.28,48.61
2017-05-24,240.61,73.1,73.81,76.77,87.73,48.81
2017-05-25,241.76,73.35,74.24,77.18,88.43,49.17
2017-05-26,241.71,73.38,74.22,77.16,88.57,49.14
2017-05-30,241.5,73.33,74.18,77.09,88.77,49.21
2017-05-31,241.44,73.19,74.34,77.11,88.82,49.36
2017-06-01,243.36,73.91,74.85,77.92,89.45,49.7
2017-06-02,244.17,73.97,75.06,78.2,89.92,49.84
2017-06-05,243.99,73.78,75.01,78.06,89.76,49.78
2017-06-06,243.21,73.46,74.74,77.67,89.54,49.6
2017-06-07,243.66,73.68,74.8,77.65,90.08,49.72
2017-06-08,243.78,73.89,74.88,77.8,90.38,49.47
2017-06-09,243.41,74.05,74.94,77.82,89.46,49.44
2017-06-12,243.36,74.13,74.9,78.09,89.17,49.43
2017-06-13,244.55,74.39,75.29,78.49,89.91,49.59
2017-06-14,244.24,74.11,75.27,78.52,89.73,49.69
2017-06-15,243.77,73.73,75.23,78.5,89.56,49.76
2017-06-16,242.64,73.42,75.29,78.49,89.45,49.82
2017-06-19,244.66,74.13,75.84,78.88,90.79,50.02
2017-06-20,243.01,73.56,75.33,78.33,90.02,49.85
2017-06-21,242.95,73.48,75.26,78.08,90.06,49.76
2017-06-22,242.84,73.62,75.19,78.03,89.85,49.67
2017-06-23,243.13,73.68,75.32,77.989,89.69,49.68
2017-06-26,243.29,74.02,75.35,78.39,89.6,49.76
2017-06-27,241.33,73.14,74.42,77.53,88.58,49.12
2017-06-28,243.49,73.9,74.99,77.9952,89.75,49.3
2017-06-29,241.35,73.49,74.12,77.3599,88.92,48.81
2017-06-30,241.8,73.57,74.37,77.6538,88.89,48.93
2017-07-05,242.77,74.15,74.61,77.89,89.7,48.97
2017-07-06,240.55,73.4,74.0,77.02,89.14,48.56
2017-07-07,242.11,73.8,74.49,77.5301,90.01,48.86
2017-07-10,242.37,73.67,74.54,77.51,90.42,48.77
2017-07-11,242.19,73.6,74.32,77.3,90.38,48.69
2017-07-12,244.01,74.03,74.92,77.8403,91.2,49.01
2017-07-13,244.42,74.39,74.98,78.05,91.3,48.97
2017-07-14,245.56,74.75,75.44,78.36,91.66,49.25
2017-07-17,245.53,74.89,75.36,78.48,91.64,49.28
2017-07-18,245.66,74.68,75.47,78.33,91.57,49.24
2017-07-19,246.99,75.02,75.7,78.685,92.04,49.48
2017-07-20,247.1,74.94,75.9,78.65,91.95,49.58
2017-07-21,246.88,74.85,75.88,78.71,91.93,49.69
2017-07-24,246.82,74.85,75.69,78.8,91.98,49.58
2017-07-25,247.42,75.28,75.79,78.9906,92.25,49.66
2017-07-26,247.43,75.1,75.78,78.75,92.27,49.69
2017-07-27,247.2,75.01,75.68,78.7911,91.75,49.8
2017-07-28,246.91,75.01,75.13,78.73,91.76,49.78
2017-07-31,246.77,75.03,75.13,78.81,91.98,49.92
2017-08-01,247.32,75.21,75.39,78.99,92.26,49.98
2017-08-02,247.44,75.39,75.38,78.759,92.3,49.89
2017-08-03,246.96,75.14,75.25,78.73,92.19,49.88
2017-08-04,247.41,75.29,75.34,78.77,92.63,49.88
2017-08-07,247.87,75.53,75.56,78.84,93.09,49.92
2017-08-08,247.26,75.5,75.39,78.59,92.99,49.76
2017-08-09,247.25,75.4,75.325,78.53,93.05,49.82
2017-08-10,243.76,74.15,74.31,77.6,91.35,49.52
2017-08-11,244.12,74.19,74.29,77.525,91.43,49.57
2017-08-14,246.54,74.92,75.0,78.25,92.93,50.02
2017-08-15,246.51,74.93,75.0,78.13,92.95,50.08
2017-08-16,246.94,74.97,75.15,78.52,93.1,50.25
2017-08-17,243.09,73.67,73.98,77.38,91.3,49.68
2017-08-18,242.71,73.39,73.79,77.27,91.29,49.585
2017-08-21,242.9,73.37,73.96,77.36,91.2,49.78
2017-08-22,245.44,74.18,74.64,77.9316,92.6,50.13
2017-08-23,244.56,74.04,74.43,77.795,92.17,49.92
2017-08-24,243.99,73.87,74.38,77.69,92.06,49.78
2017-08-25,244.56,74.2,74.54,78.01,92.1,49.94
2017-08-28,244.57,74.3,74.6,77.69,92.17,49.94
2017-08-29,244.85,74.31,74.58,77.7045,92.2,49.96
2017-08-30,246.01,74.71,75.04,77.96,92.82,50.07
2017-08-31,247.49,75.19,75.48,78.2876,93.33,50.3
2017-09-01,247.84,75.72,75.62,78.59,93.57,50.26
2017-09-05,246.06,74.98,75.1,77.82,92.4,50.05
2017-09-06,246.9,75.41,75.27,78.07,92.68,50.14
2017-09-07,246.87,75.23,75.5,77.96,92.17,50.25
2017-09-08,246.58,75.05,75.58,78.2069,92.21,50.42
2017-09-11,249.21,75.96,76.31,79.081,93.38,50.8
2017-09-12,250.05,76.52,76.55,79.29,93.83,50.8
2017-09-13,250.17,76.66,76.44,79.08,93.95,50.65
2017-09-14,250.09,76.55,76.5,79.12,93.82,50.66
2017-09-15,249.19,76.83,76.81,79.26,94.29,50.68
2017-09-18,249.72,76.91,77.05,79.41,94.92,50.73
2017-09-19,249.97,76.89,77.17,79.37,95.14,50.6
2017-09-20,250.06,76.865,77.03,79.2922,95.12,50.55
2017-09-21,249.39,76.73,76.81,79.21,94.85,50.34
2017-09-22,249.44,76.87,77.06,79.33,94.89,50.37
2017-09-25,248.93,77.02,77.14,79.33,94.0,50.36
2017-09-26,249.08,76.76,76.89,78.98,93.76,50.1
2017-09-27,250.05,77.24,77.15,79.09,94.99,50.12
2017-09-28,250.35,77.16,77.07,79.065,95.09,50.19
2017-09-29,251.23,77.32,77.14,79.35,95.68,50.34
2017-10-02,252.32,78.02,77.58,79.78,96.07,50.5
2017-10-03,252.86,78.44,77.77,79.89,96.37,50.59
2017-10-04,253.16,78.39,77.91,80.03,96.4,50.7
2017-10-05,254.66,78.79,78.4,80.29,96.99,50.87
2017-10-06,254.37,78.6,78.25,80.19,97.09,50.8
2017-10-09,253.95,78.47,78.33,80.01,96.97,50.69
2017-10-10,254.62,78.83,78.66,80.12,97.15,50.82
2017-10-11,255.02,78.88,78.85,80.19,97.28,50.91
2017-10-12,254.64,78.51,78.86,80.3669,96.99,50.99
2017-10-13,254.95,78.77,78.91,80.45,97.2,51.03
2017-10-16,255.29,78.82,78.89,80.45,97.74,50.98
2017-10-17,255.47,78.82,78.99,80.45,97.78,51.1
2017-10-18,255.72,78.96,79.09,80.56,98.03,51.12
2017-10-19,255.79,78.88,79.22,80.68,98.33,51.36
2017-10-20,257.11,79.41,79.58,81.13,99.35,51.54
2017-10-23,256.11,79.36,79.45,81.02,99.14,51.5
2017-10-24,256.56,79.7,79.48,81.0135,99.71,51.38
2017-10-25,255.29,79.16,79.26,80.674,99.11,51.31
2017-10-26,255.62,79.3,79.39,80.9,99.29,51.33
2017-10-27,257.71,79.48,79.58,80.87,100.51,51.56
2017-10-30,256.75,79.21,79.32,80.49,100.23,51.27
2017-10-31,257.15,79.34,79.39,80.6699,100.5,51.32
2017-11-01,257.49,79.57,79.43,80.7,100.27,51.27
2017-11-02,257.59,79.71,79.58,80.68,100.66,51.4
2017-11-03,258.45,79.89,79.72,80.8145,101.15,51.46
2017-11-06,258.85,80.04,79.82,81.01,101.31,51.36
2017-11-07,258.67,79.79,79.7,80.92,101.02,51.58
2017-11-08,259.11,79.98,79.98,81.1,100.97,51.73
2017-11-09,258.17,79.75,79.68,80.94,100.2,51.63
2017-11-10,258.09,79.85,79.78,80.8,100.49,51.58
2017-11-13,258.33,79.91,79.85,81.09,100.74,51.75
2017-11-14,257.73,79.56,79.88,81.0576,100.57,51.85
2017-11-15,256.44,79.26,79.41,80.9,100.23,51.5
2017-11-16,258.62,80.41,80.01,81.44,101.18,51.83
2017-11-17,257.86,80.31,80.02,81.44,100.81,51.65
2017-11-20,258.3,80.59,80.17,81.55,101.29,51.69
2017-11-21,259.99,81.04,80.67,81.82,102.05,51.99
2017-11-22,259.76,81.05,80.5,81.71,101.63,51.84
2017-11-24,260.36,81.06,80.64,81.8088,101.82,51.96
2017-11-27,260.23,80.75,80.62,81.9086,101.62,52.07
2017-11-28,262.87,81.72,81.49,82.73,102.86,52.46
2017-11-29,262.71,82.18,81.64,83.1,102.32,52.56
2017-11-30,265.01,82.64,82.25,83.58,103.31,52.9
2017-12-01,264.46,82.43,82.28,83.47,102.67,52.85
2017-12-04,264.14,82.82,82.34,83.71,101.38,52.71
2017-12-05,263.19,82.33,82.13,83.07,101.28,52.54
2017-12-06,263.24,82.12,82.08,82.95,101.51,52.58
2017-12-07,264.07,82.44,82.4,83.27,102.17,52.63
2017-12-08,265.51,83.06,82.78,83.58,102.76,52.85
2017-12-11,266.31,83.465,82.93,83.67,102.87,52.91
2017-12-12,266.78,83.48,82.97,83.85,102.95,52.93
2017-12-13,266.75,83.4,83.01,83.7565,102.88,53.03
2017-12-14,265.66,82.83,82.67,83.23,102.36,52.8
2017-12-15,266.51,83.63,83.29,83.87,103.5,53.28
2017-12-18,268.2,84.64,83.79,84.3389,104.31,53.37
2017-12-19,267.17,84.39,83.63,84.1,103.93,53.07
2017-12-20,267.03,84.64,83.6,83.97,103.91,52.94
2017-12-21,267.58,84.34,83.17,83.6,103.52,52.66
2017-12-22,267.51,84.27,83.11,83.75,103.5,52.68
2017-12-26,267.19,84.07,83.13,83.77,103.23,52.69
2017-12-27,267.32,83.95,83.22,83.8157,103.5,52.82
2017-12-28,267.87,84.13,83.32,83.9,103.71,52.9
2017-12-29,266.86,83.62,82.9,83.87,103.13,52.78
2018-01-02,268.77,84.73,83.28,83.8709,103.94,52.76
2018-01-03,270.47,84.83,83.87,84.25,104.98,52.87
2018-01-04,271.61,85.3,84.25,84.4,105.86,53.08
2018-01-05,273.42,85.69,84.8,85.08,106.71,53.35
2018-01-08,273.92,85.86,85.06,85.22,107.01,53.44
2018-01-09,274.54,85.85,85.32,85.421,107.41,53.47
2018-01-10,274.12,85.86,85.16,85.01,107.3,53.21
2018-01-11,276.12,86.92,85.61,85.71,108.03,53.37
2018-01-12,277.92,87.58,86.23,85.9459,109.06,53.53
2018-01-16,276.97,87.25,85.93,85.49,108.82,53.49
2018-01-17,279.61,88.09,87.13,86.48,110.63,53.99
2018-01-18,279.14,87.99,86.88,86.09,110.51,53.89
2018-01-19,280.41,88.19,87.43,86.715,111.16,54.12
2018-01-22,282.69,88.83,87.89,87.06,111.84,54.46
2018-01-23,283.29,88.85,87.91,87.49,111.98,54.55
2018-01-24,283.18,88.59,87.68,87.48,111.73,54.58
2018-01-25,283.3,88.15,87.7,87.5936,111.98,54.85
2018-01-26,286.58,89.39,88.61,88.18,113.56,55.31
2018-01-29,284.68,88.93,87.83,87.98,112.7,54.89
2018-01-30,281.76,87.58,86.89,86.96,110.97,54.57
2018-01-31,281.9,87.27,86.69,86.77,111.61,54.62
2018-02-01,281.58,87.1,86.76,86.92,111.5,54.47
2018-02-02,275.45,84.83,84.97,85.44,108.93,53.56
2018-02-05,263.93,81.57,81.72,82.47,104.27,51.63
2018-02-06,269.13,83.49,82.99,83.0173,106.8,51.96
2018-02-07,267.67,83.36,82.69,83.48,106.44,51.8
2018-02-08,257.63,80.26,79.82,81.465,101.94,50.24
2018-02-09,261.5,81.24,81.13,81.81,103.97,51.07
2018-02-12,265.34,82.46,82.1,82.26,105.79,51.57
2018-02-13,266.0,82.78,82.4,82.37,106.25,51.73
2018-02-14,269.59,84.03,83.48,82.23,108.2,52.16
2018-02-15,273.03,84.86,84.51,84.32,109.54,52.81
2018-02-16,273.11,84.84,84.56,84.66,109.43,52.98
2018-02-20,271.4,84.16,84.09,83.86,109.41,52.44
2018-02-21,270.05,83.65,83.54,84.49,108.89,52.08
2018-02-22,270.4,83.76,83.57,83.38,109.07,52.13
2018-02-23,274.71,85.14,84.93,84.4,110.78,52.87
2018-02-26,277.9,86.24,85.89,85.31,112.08,53.34
2018-02-27,274.43,85.27,84.93,84.425,111.03,52.72
2018-02-28,271.65,84.39,84.17,83.37,109.98,52.295
2018-03-01,267.7,83.24,83.1,82.42,108.01,51.72
2018-03-02,269.08,83.67,83.61,82.45,108.36,51.98
2018-03-05,272.19,84.54,84.42,83.93,109.65,52.57
2018-03-06,272.88,84.85,84.82,84.225,109.97,52.64
2018-03-07,272.78,84.62,84.71,84.38,110.23,52.67
2018-03-08,274.1,84.8,85.24,84.59,110.71,52.97
2018-03-09,278.87,86.21,86.67,85.715,112.88,53.59
2018-03-12,278.52,86.22,86.66,85.69,112.81,53.45
2018-03-13,276.72,85.98,86.25,85.44,111.96,53.39
2018-03-14,275.3,85.38,85.66,84.96,111.36,53.16
2018-03-15,275.0,85.16,85.68,84.82,111.46,53.11
2018-03-16,274.2,85.55,85.89,85.3904,111.59,53.26
2018-03-19,270.49,84.46,84.8,84.8,110.32,52.84
2018-03-20,270.95,84.59,85.145,84.59,111.16,52.9
2018-03-21,270.43,84.44,85.01,84.65,110.77,52.66
2018-03-22,263.67,82.0,82.44,82.76,106.88,51.45
2018-03-23,258.05,79.98,80.6,81.27,104.2,50.7
2018-03-26,265.11,82.34,82.88,82.475,107.74,51.71
2018-03-27,260.6,80.99,81.65,81.45,104.86,51.28
2018-03-28,259.83,80.87,81.505,81.92,104.22,51.42
2018-03-29,263.15,82.02,82.71,82.85,105.92,51.93
2018-04-02,257.47,80.17,80.73,81.105,102.58,51.06
2018-04-03,260.77,81.36,81.87,81.7393,103.79,51.61
2018-04-04,263.56,82.33,82.89,81.93,104.99,52.14
2018-04-05,265.64,82.81,83.27,83.21,105.89,52.39
2018-04-06,259.72,81.07,81.39,81.09,103.12,51.49
2018-04-09,261.0,81.33,81.59,82.42,103.55,51.67
2018-04-10,265.15,82.8,82.98,82.65,105.88,52.16
2018-04-11,263.76,82.38,82.48,82.38,105.12,51.92
2018-04-12,265.93,83.26,83.04,82.87,106.78,52.01
2018-04-13,265.15,82.94,82.73,82.47,105.72,52.04
2018-04-16,267.33,83.73,83.38,83.375,106.45,52.57
2018-04-17,270.19,84.34,84.08,84.11,108.22,53.02
2018-04-18,270.39,84.52,83.78,84.23,108.47,53.0
2018-04-19,268.89,83.69,82.82,83.4935,108.26,52.62
2018-04-20,266.61,82.85,82.1,83.09,107.55,52.24
2018-04-23,266.57,82.94,82.01,83.11,107.26,52.31
2018-04-24,262.98,82.29,81.05,82.17,105.32,51.86
2018-04-25,263.63,82.75,81.19,82.42,105.48,51.86
2018-04-26,266.31,83.1,82.03,83.04,107.18,52.31
2018-04-27,266.56,83.08,82.14,83.13,107.24,52.36
2018-04-30,264.51,82.34,81.63,82.7943,106.45,52.04
2018-05-01,264.98,82.38,81.67,82.42,107.11,51.96
2018-05-02,263.2,81.92,81.4,82.1972,106.16,51.45
2018-05-03,262.62,81.44,81.42,81.605,106.39,51.47
2018-05-04,266.02,82.49,82.42,82.6,107.51,52.02
2018-05-07,266.92,82.52,82.61,82.62,108.37,52.06
2018-05-08,266.92,82.61,82.7,82.55,108.83,51.99
2018-05-09,269.5,83.28,83.4,83.12,110.26,52.21
2018-05-10,272.02,84.1,84.07,83.64,111.02,52.72
2018-05-11,272.85,84.35,84.3,83.79,111.1,52.83
2018-05-14,272.98,84.58,84.21,84.15,111.12,52.72
2018-05-15,271.1,84.33,83.66,83.175,110.41,52.35
2018-05-16,272.24,85.05,84.1,83.43,110.87,52.43
2018-05-17,272.01,85.05,84.19,83.65,110.59,52.31
2018-05-18,271.33,84.49,84.03,83.57,110.41,52.29
2018-05-21,273.37,85.17,84.47,84.21,111.5,52.64
2018-05-22,272.61,85.06,84.19,83.97,111.06,52.39
2018-05-23,273.36,84.98,84.54,84.06,111.53,52.68
2018-05-24,272.8,84.9,84.51,84.0152,111.47,52.66
2018-05-25,272.15,84.59,84.25,83.99,111.15,52.64
2018-05-29,269.02,83.58,83.42,83.15,109.74,52.32
2018-05-30,272.61,84.5,84.51,84.1747,111.23,52.96
2018-05-31,270.94,83.97,83.83,83.3725,110.12,52.56
2018-06-01,273.6,84.94,84.75,84.0533,111.87,52.8
2018-06-04,274.9,85.35,85.26,84.284,112.67,53.07
2018-06-05,275.1,85.52,85.39,84.36,113.2,53.05
2018-06-06,277.4,86.24,86.15,84.88,114.29,53.33
2018-06-07,277.37,86.42,86.06,85.05,113.3,53.37
2018-06-08,278.19,86.55,86.32,85.44,113.68,53.64
2018-06-11,278.56,86.75,86.2,85.5532,113.58,53.63
2018-06-12,278.92,86.69,86.33,85.72,113.9,53.73
2018-06-13,278.03,86.35,85.84,85.36,113.87,53.49
2018-06-14,278.73,86.32,85.95,85.6,114.35,53.69
2018-06-15,277.13,86.19,86.1,85.38,114.03,53.87
2018-06-18,276.56,85.92,85.84,85.56,114.15,53.68
2018-06-19,275.5,85.44,85.51,85.32,113.4,53.6
2018-06-20,275.97,85.58,85.42,85.4499,114.02,53.57
2018-06-21,274.24,84.97,84.765,84.95,112.97,53.42
2018-06-22,274.74,84.95,84.83,85.43,112.15,53.61
2018-06-25,271.0,83.74,83.75,84.63,109.63,53.4
2018-06-26,271.6,83.39,83.47,84.24,109.8,53.06
2018-06-27,269.35,82.74,82.66,83.411,108.27,52.68
2018-06-28,270.89,82.82,83.25,83.79,109.49,53.07
2018-06-29,271.28,82.61,83.45,84.28,109.7,53.16
2018-07-02,271.86,82.79,83.47,83.73,110.17,53.24
2018-07-03,270.9,82.34,83.34,83.92,109.27,53.27
2018-07-05,273.11,83.07,84.02,84.55,110.01,53.69
2018-07-06,275.42,83.67,84.74,85.18,111.01,53.97
2018-07-09,277.9,84.79,85.42,85.521,112.28,54.035
2018-07-10,278.9,84.99,85.74,85.875,112.56,54.34
2018-07-11,276.86,83.85,85.12,85.46,111.97,54.23
2018-07-12,279.37,84.51,85.81,85.89,113.53,54.58
2018-07-13,279.59,84.49,85.91,85.89,113.36,54.6
2018-07-16,279.34,84.42,85.52,85.61,113.43,54.44
2018-07-17,280.47,84.64,86.08,86.0,114.04,54.62
2018-07-18,281.06,84.9,86.255,85.99,114.33,54.62
2018-07-19,280.0,84.71,86.1,86.1721,113.55,54.63
2018-07-20,279.68,84.39,85.93,85.94,113.65,54.59
2018-07-23,280.2,84.6,85.92,85.88,113.86,54.5
2018-07-24,281.61,84.7,86.29,85.74,113.77,54.57
2018-07-25,284.01,85.08,87.16,86.33,115.29,55.0
2018-07-26,283.34,85.37,87.09,86.715,114.94,55.07
2018-07-27,281.42,84.91,86.55,86.262,113.21,54.83
2018-07-30,279.95,85.09,85.97,85.88,111.22,54.51
2018-07-31,281.33,85.43,86.55,86.51,111.63,54.91
2018-08-01,280.86,85.34,86.32,86.4,111.86,54.77
2018-08-02,282.39,85.88,86.62,86.45,113.02,54.98
2018-08-03,283.6,86.53,87.02,86.87,113.05,55.28
2018-08-06,284.64,86.74,87.29,87.13,113.64,55.43
2018-08-07,285.58,86.97,87.66,87.21,114.18,55.52
2018-08-08,285.46,87.0,87.55,87.09,114.38,55.52
2018-08-09,285.07,86.83,87.35,87.02,114.4,55.53
2018-08-10,283.16,86.12,86.79,86.56,113.83,55.34
2018-08-13,282.1,85.69,86.46,86.3371,113.31,55.2
2018-08-14,283.9,86.31,87.05,86.74,114.11,55.51
2018-08-15,281.78,85.59,86.66,86.56,112.6,55.48
2018-08-16,284.06,86.65,87.35,87.11,113.44,55.91
2018-08-17,285.06,87.23,87.73,87.58,113.52,56.23
2018-08-20,285.67,87.63,88.11,87.9851,114.12,56.33
2018-08-21,286.34,88.0,88.27,88.15,114.49,56.23
2018-08-22,286.17,87.71,88.27,87.86,114.98,56.08
2018-08-23,285.79,87.41,88.3,87.5,115.12,56.09
2018-08-24,287.51,87.75,88.78,88.13,116.4,56.41
2018-08-27,289.78,88.55,89.36,88.34,117.35,56.48
2018-08-28,289.92,88.72,89.34,88.4,117.5,56.48
2018-08-29,291.48,88.94,89.86,88.85,118.52,56.72
2018-08-30,290.3,88.58,89.45,88.29,117.94,56.49
2018-08-31,290.31,88.51,89.78,88.21,118.18,56.59
2018-09-04,289.81,88.34,89.68,88.43,118.57,56.56
2018-09-05,289.03,88.34,89.68,88.53,116.54,56.65
2018-09-06,288.16,87.64,89.57,88.48,116.61,56.93
2018-09-07,287.6,87.31,89.26,88.14,116.27,56.74
2018-09-10,288.1,87.29,89.48,88.44,116.68,56.86
2018-09-11,289.05,87.43,89.69,88.67,117.3,56.92
2018-09-12,289.12,87.47,89.73,88.63,117.46,57.02
2018-09-13,290.83,88.04,90.25,89.17,118.13,57.32
2018-09-14,290.88,88.2,90.39,89.24,118.33,57.33
2018-09-17,289.34,87.83,89.96,88.98,116.91,57.23
2018-09-18,290.91,88.3,90.38,89.2,118.16,57.42
2018-09-19,291.22,88.55,90.365,88.9903,117.67,57.11
2018-09-20,293.58,89.31,91.06,89.63,118.45,57.45
2018-09-21,291.99,89.23,91.26,89.685,118.33,57.58
2018-09-24,291.02,88.79,90.84,89.0,118.56,57.17
2018-09-25,290.75,88.38,90.61,88.7358,118.96,57.11
2018-09-26,289.88,87.57,90.08,87.71,118.51,56.66
2018-09-27,290.69,87.77,90.24,87.76,118.84,56.77
2018-09-28,290.72,87.85,90.37,87.9465,119.0,57.04
2018-10-01,291.73,88.14,90.71,87.68,119.62,57.03
2018-10-02,291.56,88.24,90.78,87.93,119.09,57.05
2018-10-03,291.72,88.78,90.74,87.66,119.48,56.84
2018-10-04,289.44,88.21,89.93,86.95,117.58,56.58
2018-10-05,287.82,87.55,89.29,86.95,116.39,56.61
2018-10-08,287.82,87.71,89.27,86.97,115.31,56.7
2018-10-09,287.4,87.25,89.1,86.79,115.34,56.76
2018-10-10,278.3,84.95,86.05,84.52,110.17,55.33
2018-10-11,272.17,82.98,84.05,83.03,108.06,54.11
2018-10-12,275.95,83.89,85.27,83.3029,110.8,54.62
2018-10-15,274.4,83.44,84.83,83.64,109.41,54.63
2018-10-16,280.4,85.025,86.4,84.42,112.65,55.63
2018-10-17,280.45,84.9,86.35,84.74,112.62,55.64
2018-10-18,276.4,83.64,85.23,83.7885,110.36,55.29
2018-10-19,276.25,83.57,84.83,84.07,109.13,55.39
2018-10-22,275.01,83.24,84.68,83.47,109.49,55.2
2018-10-23,273.61,82.88,84.13,82.86,108.36,55.04
2018-10-24,265.32,79.96,81.53,81.23,104.26,54.21
2018-10-25,270.08,81.62,82.76,82.08,107.23,54.53
2018-10-26,265.33,80.56,81.63,81.57,104.86,53.82
2018-10-29,263.86,80.61,81.47,80.1,103.41,53.86
2018-10-30,267.77,81.89,82.78,81.6599,105.08,54.62
2018-10-31,270.63,82.66,83.53,83.24,107.27,54.73
2018-11-01,273.51,83.86,84.485,83.635,109.14,54.9
2018-11-02,271.89,82.9,83.95,83.33,108.39,54.8
2018-11-05,273.39,83.5,84.45,84.01,109.0,55.26
2018-11-06,275.12,83.97,85.0,84.32,109.27,55.61
2018-11-07,281.01,85.45,86.74,85.65,112.52,56.52
2018-11-08,280.5,85.2,86.64,85.65,112.31,56.55
2018-11-09,277.76,84.11,85.85,84.98,110.76,56.52
2018-11-12,272.57,82.47,84.26,84.07,107.79,55.88
2018-11-13,272.06,82.25,84.05,84.27,107.6,55.77
2018-11-14,270.2,81.28,83.39,83.65,106.57,55.48
2018-11-15,273.02,81.93,84.29,84.11,108.12,55.83
2018-11-16,273.73,82.09,84.19,84.44,107.49,56.13
2018-11-19,269.1,81.1,82.73,83.6263,103.97,55.61
2018-11-20,264.12,79.14,81.32,82.79,102.16,54.88
2018-11-21,265.02,79.55,81.29,83.2498,102.58,54.84
2018-11-23,263.25,79.0,80.71,82.97,101.86,54.71
2018-11-26,267.5,80.26,81.75,83.5885,104.13,55.17
2018-11-27,268.4,80.42,81.92,83.6892,104.45,55.34
2018-11-28,274.58,82.11,83.88,84.829,108.04,56.27
2018-11-29,273.98,81.68,83.49,84.98,107.58,56.24
2018-11-30,275.65,82.17,84.3,85.55,108.79,56.5
2018-12-03,279.3,83.17,85.27,86.41,110.17,56.99
2018-12-04,270.25,80.15,82.66,83.65,106.88,55.98
2018-12-06,269.84,79.78,82.64,83.55,107.24,55.95
2018-12-07,263.57,77.7,80.74,81.59,104.12,55.11
2018-12-10,264.07,77.24,80.99,81.46,104.89,55.28
2018-12-11,264.13,77.06,81.04,81.3159,105.07,55.34
2018-12-12,265.46,77.65,81.46,81.9,105.72,55.4
2018-12-13,265.37,77.29,81.51,81.38,105.9,55.5
2018-12-14,260.47,76.43,79.7,80.2277,103.49,54.74
2018-12-17,255.36,74.49,77.56,78.09,100.5,53.28
2018-12-18,255.08,74.42,77.67,78.01,100.61,53.09
2018-12-19,251.26,73.09,76.37,76.76,99.33,52.63
2018-12-20,247.17,71.54,75.24,75.43,97.4,51.89
2018-12-21,240.7,70.42,73.67,74.05,95.37,51.19
2018-12-24,234.34,68.64,71.91,72.15,92.8,49.77
2018-12-26,246.18,71.63,75.28,75.47,97.98,51.47
2018-12-27,248.07,72.2,76.16,75.8013,98.93,52.03
2018-12-28,247.75,72.08,75.97,75.8033,98.9,51.94
2018-12-31,249.92,72.57,76.76,76.63,100.23,52.4
2019-01-02,250.18,73.32,76.72,76.48,99.56,51.94
2019-01-03,244.21,71.93,74.79,75.06,96.81,51.18
2019-01-04,252.39,74.45,77.43,77.63,100.05,52.3
2019-01-07,254.38,75.31,77.9,78.5628,101.01,52.47
2019-01-08,256.77,75.82,78.74,79.36,102.26,52.92
2019-01-09,257.97,76.32,79.18,79.97,102.86,52.93
2019-01-10,258.88,76.56,79.54,80.51,103.0,53.33
2019-01-11,258.98,77.06,79.31,80.53,103.07,53.34
2019-01-14,257.4,76.6,78.89,80.16,102.17,52.95
2019-01-15,260.35,76.86,79.61,80.6025,103.78,53.48
2019-01-16,260.98,77.06,79.68,80.96,103.62,53.465
2019-01-17,262.96,77.66,80.4,81.6389,104.41,53.83
2019-01-18,266.46,78.85,81.48,82.8738,105.51,54.43
2019-01-22,262.86,77.61,80.32,81.62,104.35,54.05
2019-01-23,263.41,77.54,80.37,81.63,104.67,54.36
2019-01-24,263.55,78.11,80.44,82.08,104.36,54.23
2019-01-25,265.78,78.89,81.32,83.0,105.04,54.42
2019-01-28,263.76,78.51,80.76,82.69,103.99,54.3
2019-01-29,263.41,78.52,80.8,82.7538,103.56,54.39
2019-01-30,267.58,79.16,81.82,83.71,105.73,54.97
2019-01-31,269.93,79.71,83.09,84.379,106.7,55.36
2019-02-01,270.06,79.98,83.46,84.63,106.9,55.49
2019-02-04,271.96,80.2,84.01,85.04,107.1,55.88
2019-02-05,273.1,80.28,84.56,85.42,107.27,56.04
2019-02-06,272.74,80.53,84.41,85.3342,107.35,55.96
2019-02-07,270.14,79.4,83.57,84.85,106.87,55.84
2019-02-08,270.47,79.1,83.79,84.8189,107.28,56.07
2019-02-11,270.62,79.22,83.88,85.1711,107.28,56.08
2019-02-12,274.1,80.28,84.84,86.38,108.4,56.48
2019-02-13,274.99,80.77,85.315,86.68,108.45,56.61
2019-02-14,274.38,80.58,85.16,86.5,108.32,56.45
2019-02-15,277.37,81.58,86.03,87.37,109.46,57.03
2019-02-19,277.85,81.9,86.03,87.53,109.54,57.15
2019-02-20,278.41,82.08,86.38,87.7204,109.5,57.2
2019-02-21,277.42,81.59,85.91,87.39,109.71,57.23
2019-02-22,279.14,82.01,86.75,88.01,110.49,57.54
2019-02-25,279.52,82.24,86.82,88.0,110.28,57.38
2019-02-26,279.32,82.1,86.8,87.8514,110.28,57.35
2019-02-27,279.2,81.72,86.92,87.95,110.04,57.34
2019-02-28,278.68,81.22,86.71,87.7494,110.32,57.48
2019-03-01,280.42,81.5,87.34,88.32,110.87,57.78
2019-03-04,279.4,80.93,87.11,87.8,110.02,57.47
2019-03-05,279.02,80.57,87.01,87.56,109.97,57.46
2019-03-06,277.33,79.59,86.69,86.82,109.36,57.24
2019-03-07,275.01,78.9,85.99,86.0907,108.7,56.98
2019-03-08,274.46,78.82,85.83,85.87,108.39,56.93
2019-03-11,278.44,79.95,87.15,86.99,109.81,57.58
2019-03-12,279.49,80.15,87.51,87.37,110.26,57.73
2019-03-13,281.34,80.61,87.98,87.82,110.89,58.03
2019-03-14,281.16,80.38,87.95,87.6777,110.91,57.98
2019-03-15,281.31,80.86,88.34,87.94,111.53,58.18
2019-03-18,282.33,81.25,88.45,88.35,111.56,58.22
2019-03-19,282.4,81.31,88.4,88.14,111.8,58.09
2019-03-20,281.55,79.73,87.87,87.41,110.98,57.64
2019-03-21,284.73,80.88,88.74,88.51,112.18,58.38
2019-03-22,279.25,79.06,87.12,86.65,110.91,57.93
2019-03-25,279.04,78.7,87.09,86.62,111.03,58.0
2019-03-26,281.12,79.39,87.88,87.35,111.76,58.43
2019-03-27,279.65,78.99,87.5,86.98,111.21,58.27
2019-03-28,280.71,79.16,87.91,87.48,111.45,58.47
2019-03-29,282.48,79.86,88.55,87.99,112.18,58.8
2019-04-01,285.83,81.23,89.47,89.15,112.57,59.01
2019-04-02,285.97,80.88,89.55,89.14,112.36,58.97
2019-04-03,286.42,81.39,89.635,89.46,112.31,58.93
2019-04-04,287.18,81.86,89.85,89.64,112.06,58.97
2019-04-05,288.57,82.31,90.31,90.25,112.53,59.23
2019-04-08,288.79,82.37,90.42,90.2,112.6,59.22
2019-04-09,287.31,81.53,89.92,89.51,112.42,59.05
2019-04-10,288.29,82.03,90.31,90.09,112.75,59.19
2019-04-11,288.21,82.08,90.37,90.25,112.42,59.17
2019-04-12,290.16,82.38,91.16,90.97,112.79,59.43
2019-04-15,289.97,82.17,91.16,90.77,113.07,59.51
2019-04-16,290.16,82.74,91.31,90.76,112.36,59.16
2019-04-17,289.45,82.78,91.03,90.16,111.41,58.8
2019-04-18,290.02,82.93,90.94,90.39,111.65,58.9
2019-04-22,290.27,82.67,90.94,90.27,111.65,58.83
2019-04-23,292.88,83.24,91.95,91.14,112.54,59.33
2019-04-24,292.23,82.81,91.89,91.12,112.73,59.4
2019-04-25,292.05,82.07,91.58,90.525,113.27,59.36
2019-04-26,293.41,82.13,91.89,91.07,114.17,59.68
2019-04-29,293.87,82.39,91.88,91.07,113.98,59.53
2019-04-30,294.02,82.59,91.91,91.35,114.71,60.08
2019-05-01,291.81,82.14,91.11,90.45,113.83,59.48
2019-05-02,291.18,81.99,90.97,90.37,113.78,59.49
2019-05-03,294.03,82.83,91.67,91.29,114.59,59.73
2019-05-06,292.82,82.46,91.32,90.82,114.52,59.7
2019-05-07,287.93,81.15,89.76,89.3,112.84,59.02
2019-05-08,287.53,80.73,89.71,89.21,112.77,59.0
2019-05-09,286.66,80.29,89.42,89.019,112.6,59.0
2019-05-10,288.1,80.52,89.83,89.39,113.56,59.45
2019-05-13,280.86,78.28,87.64,87.14,111.82,58.77
2019-05-14,283.4,79.23,88.34,87.99,112.4,59.02
2019-05-15,285.06,79.52,89.06,88.29,112.88,59.27
2019-05-16,287.7,79.79,89.75,88.99,114.13,59.81
2019-05-17,285.84,79.18,89.26,88.37,113.81,59.73
2019-05-20,283.95,78.66,88.63,87.7824,113.43,59.64
2019-05-21,286.51,79.54,89.41,88.7372,114.08,60.05
2019-05-22,285.63,78.64,89.136,88.34,114.45,60.22
2019-05-23,282.14,77.67,87.97,87.11,113.67,59.94
2019-05-24,282.78,77.85,88.02,87.28,113.84,59.98
2019-05-28,280.15,76.8,87.26,86.53,112.9,59.35
2019-05-29,278.27,76.37,86.59,85.9,112.18,59.02
2019-05-30,279.03,76.2,86.81,86.0,113.04,59.33
2019-05-31,275.27,74.66,85.86,85.03,112.19,59.11
2019-06-03,274.57,75.34,85.59,85.38,111.43,59.43
2019-06-04,280.53,77.54,87.61,87.45,113.6,60.05
2019-06-05,282.96,77.46,88.41,88.0872,115.51,60.87
2019-06-06,284.8,77.83,88.97,88.41,116.41,61.28
2019-06-07,287.65,78.31,90.03,89.0824,117.92,61.65
2019-06-10,288.97,78.89,90.38,89.48,118.17,61.59
2019-06-11,288.9,79.02,90.45,89.35,117.73,61.4
2019-06-12,288.39,78.52,90.3,89.18,118.06,61.66
2019-06-13,289.58,79.2,90.67,89.71,118.26,61.71
2019-06-14,289.26,78.77,90.37,89.43,118.03,61.91
2019-06-17,289.37,78.06,89.9,88.96,117.49,61.46
2019-06-18,292.4,79.19,90.8,89.9,118.38,61.67
2019-06-19,293.06,79.33,91.13,90.29,119.23,62.02
2019-06-20,295.86,79.79,92.22,91.1269,120.45,62.47
2019-06-21,294.0,79.66,91.96,90.8183,119.75,62.26
2019-06-24,293.64,79.33,91.68,90.31,119.72,62.32
2019-06-25,290.76,79.14,90.9,89.64,118.34,61.95
2019-06-26,290.47,79.67,90.71,89.535,117.7,61.26
2019-06-27,291.5,80.31,91.01,90.19,118.1,61.49
2019-06-28,293.0,81.19,91.47,91.0,118.6,61.73
2019-07-01,295.66,81.67,92.23,91.57,119.84,61.99
2019-07-02,296.43,81.49,92.46,91.51,120.65,62.45
2019-07-03,298.8,81.97,93.35,92.38,121.88,63.12
2019-07-05,298.46,82.01,93.15,92.26,121.43,62.99
2019-07-08,296.82,81.59,92.6,91.71,120.83,62.87
2019-07-09,297.19,81.51,92.75,91.86,121.21,62.98
2019-07-10,298.61,81.76,93.14,91.92,121.84,63.27
2019-07-11,299.31,82.04,93.35,92.0332,122.07,63.28
2019-07-12,300.65,82.92,93.68,92.76,122.48,63.42
2019-07-15,300.75,82.9,93.78,92.63,122.74,63.53
2019-07-16,299.71,82.7,93.47,92.48,122.195,63.36
2019-07-17,297.74,81.96,92.83,91.83,121.7,63.18
2019-07-18,298.83,82.44,93.22,92.1348,122.45,63.47
2019-07-19,297.17,82.37,92.53,91.76,121.45,62.89
2019-07-22,297.9,82.39,92.82,91.76,122.03,62.9
2019-07-23,300.03,83.18,93.47,92.5418,122.29,63.1
2019-07-24,301.44,84.19,93.95,93.23,122.66,63.08
2019-07-25,300.0,83.62,93.51,92.59,122.22,63.11
2019-07-26,302.01,83.86,94.1,93.15,123.04,63.58
2019-07-29,301.46,83.78,94.07,92.83,122.85,63.67
2019-07-30,300.72,83.53,93.7,92.8,122.6,63.38
2019-07-31,297.43,82.49,92.73,92.1,120.73,62.76
2019-08-01,294.84,81.36,91.88,90.88,120.55,62.67
2019-08-02,292.62,80.57,91.03,90.01,119.3,62.59
2019-08-05,283.82,78.3,88.14,87.37,115.63,61.12
2019-08-06,287.8,79.05,89.45,88.44,117.72,62.08
2019-08-07,287.97,78.95,89.52,88.62,118.07,62.37
2019-08-08,293.62,80.15,91.43,90.2,120.53,63.42
2019-08-09,291.62,79.05,90.65,89.38,120.15,63.24
2019-08-12,288.07,78.02,89.64,88.1138,118.67,62.74
2019-08-13,292.55,79.11,91.12,89.21,120.43,63.29
2019-08-14,283.9,76.38,88.31,86.61,117.12,61.9
2019-08-15,284.65,76.17,88.61,86.6,117.62,62.39
2019-08-16,288.85,77.53,89.92,87.91,119.25,62.98
2019-08-19,292.33,78.58,91.0,88.97,120.39,63.52
2019-08-20,290.09,77.75,90.3,88.3245,119.75,63.1
2019-08-21,292.45,78.54,91.05,89.0156,120.85,63.53
2019-08-22,292.36,78.67,91.06,88.98,120.72,63.65
2019-08-23,284.85,76.44,88.51,86.61,117.64,62.47
2019-08-26,288.0,77.07,89.52,87.31,119.16,63.1
2019-08-27,286.87,76.26,89.48,86.96,119.26,63.03
2019-08-28,288.89,77.13,90.06,87.5406,119.81,63.33
2019-08-29,292.58,78.34,91.14,88.7365,121.23,63.85
2019-08-30,292.45,78.76,91.08,88.9214,121.05,63.755
2019-09-03,290.74,78.35,90.41,88.25,120.41,63.84
2019-09-04,294.04,79.54,91.43,89.26,121.85,64.38
2019-09-05,297.82,81.11,92.9,90.51,123.03,64.52
2019-09-06,298.05,81.38,93.02,90.6141,122.99,64.69
2019-09-09,298.2,82.83,92.83,91.01,120.95,64.16
2019-09-10,298.13,84.0,92.74,91.28,119.16,63.63
2019-09-11,300.25,84.82,93.24,92.03,119.68,63.84
2019-09-12,301.29,84.59,93.54,92.18,120.79,64.12
2019-09-13,301.09,84.65,93.39,92.17,120.1,63.83
2019-09-16,300.16,84.23,92.97,92.37,119.55,63.71
2019-09-17,300.92,84.0,93.33,92.42,120.62,64.25
2019-09-18,301.1,83.61,93.38,92.27,120.77,64.31
2019-09-19,301.08,83.48,93.24,92.06,120.9,64.41
2019-09-20,298.28,83.29,92.72,91.61,120.44,64.25
2019-09-23,298.21,83.23,92.92,91.63,120.52,64.34
2019-09-24,295.87,81.73,91.91,90.4,119.28,63.95
2019-09-25,297.62,82.44,92.46,91.03,119.54,64.02
2019-09-26,297.0,82.03,92.23,90.8,119.78,64.14
2019-09-27,295.4,81.66,91.82,90.3,118.53,63.8
2019-09-30,296.77,82.04,92.4,90.78,119.25,64.1
2019-10-01,293.24,80.65,91.23,89.41,117.97,63.56
2019-10-02,288.06,78.98,89.66,87.79,115.87,62.68
2019-10-03,290.42,79.41,90.46,88.4636,117.14,63.1
2019-10-04,294.35,80.24,91.8,89.525,119.04,64.03
2019-10-07,293.08,79.955,91.34,89.15,118.4,63.68
2019-10-08,288.53,78.54,89.8372,87.53,116.22,62.98
2019-10-09,291.27,79.25,90.67,88.27,117.52,63.41
2019-10-10,293.24,80.06,91.28,88.87,117.94,63.7
2019-10-11,296.28,81.39,92.63,90.11,118.88,63.77
2019-10-14,295.95,81.32,92.64,89.88,118.67,63.68
2019-10-15,298.88,82.44,93.44,90.71,119.3,63.84
2019-10-16,298.4,82.14,93.22,90.44,118.62,63.865
2019-10-17,299.28,82.19,93.52,90.7869,118.93,64.03
2019-10-18,297.97,82.14,93.02,90.67,118.26,64.08
2019-10-21,299.99,82.81,93.64,91.3,118.85,64.22
2019-10-22,299.01,83.31,93.35,91.14,117.41,63.67
2019-10-23,299.88,83.35,93.4,91.44,117.35,63.76
2019-10-24,300.37,83.13,93.86,91.6363,118.68,63.77
2019-10-25,301.6,84.35,94.34,92.01,119.02,63.51
2019-10-28,303.3,85.18,94.81,92.3824,119.58,63.5
2019-10-29,303.21,85.15,94.66,92.476,119.66,63.71
2019-10-30,304.14,84.89,94.81,92.49,120.52,64.06
2019-10-31,303.33,84.37,94.44,91.97,120.02,63.95
2019-11-01,306.14,85.75,95.4,93.08,120.48,63.98
2019-11-04,307.37,86.9,95.76,93.58,119.78,63.52
2019-11-05,307.03,87.17,95.67,93.52,119.06,63.21
2019-11-06,307.1,87.06,95.69,93.42,119.49,63.56
2019-11-07,308.18,87.53,96.01,93.61,119.63,63.52
2019-11-08,308.94,87.78,96.21,93.82,120.44,63.5
2019-11-11,308.35,87.58,96.06,93.72409999999999,120.52,63.38
2019-11-12,309.0,87.63,96.25,93.81,120.9,63.42
2019-11-13,309.1,87.11,96.52,93.74,121.83,63.79
2019-11-14,309.55,87.12,96.72,93.94,121.71,63.94
2019-11-15,311.79,87.98,97.46,94.63,122.22,64.25
2019-11-18,312.02,87.96,97.48,94.61,122.45,64.41
2019-11-19,311.93,87.29,97.59,94.67,123.22,64.49
2019-11-20,310.77,86.64,97.14,94.43,122.87,64.43
2019-11-21,310.27,86.7,97.01,94.15,122.07,64.12
2019-11-22,310.96,87.12,97.25,94.49,122.17,64.17
2019-11-25,313.37,87.98,98.1,95.34,123.02,64.32
2019-11-26,314.08,87.65,98.43,95.54,123.98,64.83
2019-11-27,315.48,87.98,98.94,95.96,124.43,65.02
2019-11-29,314.31,87.49,98.65,95.45,123.97,64.84
2019-12-02,311.64,86.94,97.85,94.56,122.52,64.39
2019-12-03,309.55,85.89,97.19,93.92,122.61,64.24
2019-12-04,311.46,86.51,97.9,94.45,123.18,64.55
2019-12-05,312.02,86.71,98.18,94.58,123.4,64.66
2019-12-06,314.87,87.57,99.0,95.41,123.7,64.92
2019-12-09,313.88,87.28,98.83,95.11,123.31,64.77
2019-12-10,313.53,87.2,98.7,95.0,123.11,64.7
2019-12-11,314.42,87.5,99.06,95.19,123.4,64.69
2019-12-12,317.13,88.84,99.8,96.07,123.51,64.85
2019-12-13,317.32,88.34,99.71,95.9,124.05,65.01
2019-12-16,319.5,88.57,99.93,96.29,124.21,64.93
2019-12-17,319.57,88.59,99.85,96.26,123.98,64.89
2019-12-18,319.59,88.74,99.95,96.35,123.93,64.86
2019-12-19,320.9,89.05,100.36,96.72,124.69,65.12
2019-12-20,320.73,89.8,100.93,97.3,125.6,65.54
2019-12-23,321.22,89.88,100.94,97.31,125.11,65.26
2019-12-24,321.23,89.86,100.91,97.39,125.31,65.32
2019-12-26,322.94,90.105,101.28,97.5002,125.72,65.51
2019-12-27,322.86,89.92,101.3,97.49,125.91,65.67
2019-12-30,321.08,89.42,100.81,97.09,125.29,65.46
2019-12-31,321.86,89.73,101.0,97.41,125.56,65.6
2020-01-02,324.87,90.31,101.88,97.77,125.98,65.62
2020-01-03,322.41,89.34,101.22,97.31,125.96,65.66
2020-01-06,323.64,89.2,101.46,97.45,126.1,65.75
2020-01-07,322.73,89.33,101.32,97.3989,125.79,65.48
2020-01-08,324.45,89.53,101.73,97.72,126.46,65.62
2020-01-09,326.65,89.69,102.56,98.17,127.56,66.03
2020-01-10,325.71,89.31,102.42,97.83,127.56,66.0
2020-01-13,327.95,89.59,103.27,98.51,128.75,66.4
2020-01-14,327.45,89.91,103.12,98.68,128.5,66.355
2020-01-15,328.19,89.56,103.43,98.84,129.59,66.82
2020-01-16,330.92,90.29,104.27,99.77,130.62,67.33
2020-01-17,331.95,90.37,104.56,99.88,131.38,67.62
2020-01-21,331.3,89.94,104.28,99.59,132.06,67.79
2020-01-22,331.34,90.42,104.34,99.5,132.37,67.91
2020-01-23,331.72,90.48,104.24,99.74,132.62,68.07
2020-01-24,328.77,89.87,103.16,98.74,132.03,67.75
2020-01-27,323.5,88.01,101.45,97.17,130.86,67.27
2020-01-28,326.89,88.9,102.36,98.06,132.01,67.67
2020-01-29,326.62,87.95,102.5,97.76,131.6,67.44
2020-01-30,327.68,88.0,102.64,98.03,132.53,67.97
2020-01-31,321.73,86.34,100.31,96.17,130.26,67.14
2020-02-03,324.12,86.74,101.31,96.92,131.5,67.5
2020-02-04,329.06,88.3,102.8,98.48,133.13,67.96
2020-02-05,332.86,90.19,104.05,99.52,133.045,68.49
2020-02-06,333.98,90.3,104.42,99.53,133.71,68.57
2020-02-07,332.2,89.58,103.73,98.77,133.2,68.39
2020-02-10,334.68,89.92,104.23,99.1534,134.56,68.79
2020-02-11,335.26,90.63,104.42,99.96,134.67,68.91
2020-02-12,337.42,91.41,105.05,100.6406,135.02,69.01
2020-02-13,337.06,91.04,104.8,100.57,135.95,69.34
2020-02-14,337.6,90.42,105.0,100.7,136.87,69.67
2020-02-18,336.73,89.87,104.71,100.5,136.76,69.62
2020-02-19,338.34,90.35,105.06,100.89,137.08,69.59
2020-02-20,336.95,90.19,104.74,100.96,136.51,69.45
2020-02-21,333.48,89.28,103.73,99.96,135.27,69.25
2020-02-24,322.42,86.08,100.15,96.91,131.91,67.85
2020-02-25,312.65,82.98,97.09,93.69,128.25,66.15
2020-02-26,311.5,82.11,96.875,92.63,127.5,65.92
2020-02-27,297.51,78.66,92.755,88.88,121.895,62.99
2020-02-28,296.26,78.02,91.95,87.87,120.9,61.27
2020-03-02,309.09,81.13,96.02,91.01,126.73,64.66
2020-03-03,300.24,78.51,93.14,88.83,124.27,63.54
2020-03-04,312.86,81.6,96.77,92.17,129.96,66.4
2020-03-05,302.46,78.75,93.72,88.97,126.34,64.76
2020-03-06,297.46,77.28,92.35,87.12,124.6,64.18
2020-03-09,274.23,69.98,85.85,79.47,116.1,60.3
2020-03-10,288.42,73.66,90.29,83.09,121.1,62.24
2020-03-11,274.36,69.62,85.85,78.51,115.06,59.53
2020-03-12,248.11,61.73,77.81,70.73,104.75,53.94
2020-03-13,269.32,67.86,84.86,76.28,113.14,57.53
2020-03-16,239.85,59.25,76.22,65.91,99.15,51.73
2020-03-17,252.8,62.46,79.54,70.35,106.06,54.44
2020-03-18,240.0,59.49,76.12,64.8,100.35,51.93
2020-03-19,240.51,59.2,76.14,66.32,99.68,51.03
2020-03-20,228.8,56.52,72.06,63.3,93.81,48.35
2020-03-23,222.95,55.33,69.28,61.43,90.36,46.61
2020-03-24,243.15,60.88,76.46,67.7,99.98,50.65
2020-03-25,246.79,61.05,77.67,69.04,101.84,51.22
2020-03-26,261.2,64.99,82.03,73.17,108.56,54.79
2020-03-27,253.42,62.53,79.48,70.98,106.44,53.65
2020-03-30,261.65,64.3,82.45,72.7439,109.83,55.37
2020-03-31,257.75,63.0,81.04,71.38,106.48,54.01
2020-04-01,246.15,59.5,77.66,67.79,101.29,51.94
2020-04-02,251.83,60.32,79.49,68.73,102.91,53.1
2020-04-03,248.19,59.26,78.26,67.45,101.08,52.35
2020-04-06,264.86,63.67,83.5,72.67,108.305,55.65
2020-04-07,265.13,64.445,83.75,73.28,107.48,55.56
2020-04-08,274.03,67.06,86.55,76.38,110.52,57.6
2020-04-09,278.2,68.24,87.44,78.19,111.4,59.16
2020-04-13,275.66,67.23,86.04,76.67,111.86,57.93
2020-04-14,283.79,68.75,88.75,78.57,116.22,59.59
2020-04-15,277.76,66.34,86.7,76.3,114.73,58.13
2020-04-16,278.96,65.96,86.75,76.23,116.71,58.2158
