Date,SPX_Index,Large_Value_Index,Small_Growth_Index,EAFE_Index,EM_Index
1/4/2016,5354.0957,1603.7525,766.007,2877.0636,1282.8412
1/5/2016,5364.8695,1607.9925,765.9825,2868.2012,1284.0032
1/6/2016,5296.4108,1582.6562,752.3688,2839.3154,1269.5501
1/7/2016,5171.0233,1546.4457,731.4764,2792.3065,1234.5945
1/8/2016,5114.9942,1527.4267,718.2076,2771.9783,1236.626
1/11/2016,5119.3586,1526.9566,712.6044,2755.1507,1208.7532
1/12/2016,5159.3304,1534.2315,718.6859,2742.4627,1208.5163
1/13/2016,5031.1043,1502.0329,692.0139,2774.1478,1219.1275
1/14/2016,5115.1938,1526.4416,704.7627,2725.7363,1208.4204
1/15/2016,5004.9241,1492.4368,692.4617,2693.9655,1185.0925
1/18/2016,5004.9241,1492.4368,692.4617,2664.0696,1175.4368
1/19/2016,5007.599,1488.6235,681.8205,2693.9331,1193.7516
1/20/2016,4949.7864,1463.7158,688.5138,2612.5576,1157.6401
1/21/2016,4975.6606,1472.3325,686.1058,2613.8718,1150.5927
1/22/2016,5076.5854,1501.0332,703.0115,2699.5235,1187.5911
1/25/2016,4997.2392,1471.957,688.1832,2699.8505,1196.7068
1/26/2016,5067.9239,1500.7853,698.7481,2702.6951,1183.757
1/27/2016,5013.2086,1493.3134,684.364,2729.5622,1196.5607
1/28/2016,5041.3718,1498.9868,679.981,2711.0791,1207.0058
1/29/2016,5166.2919,1540.3354,702.028,2740.1949,1240.6642
2/1/2016,5164.1598,1535.0702,702.4256,2763.7997,1241.3526
2/2/2016,5067.5102,1503.7279,684.9032,2722.4849,1217.9864
2/3/2016,5094.5468,1517.4024,683.6969,2704.7639,1206.1868
2/4/2016,5103.3598,1524.2699,686.9543,2728.8124,1236.1125
2/5/2016,5009.2973,1504.4831,660.8713,2698.6523,1236.2519
2/8/2016,4938.8783,1483.5817,644.2108,2650.3068,1227.0921
2/9/2016,4936.6296,1478.8585,641.7621,2610.3447,1220.0176
2/10/2016,4937.3818,1475.8266,642.0477,2605.0112,1221.196
2/11/2016,4877.5753,1451.4151,638.3072,2576.544,1191.879
2/12/2016,4973.3133,1484.9749,650.1748,2571.4439,1188.8702
2/15/2016,4973.3133,1484.9749,650.1748,2651.6319,1214.9797
2/16/2016,5057.1104,1508.524,668.3273,2653.5452,1222.5806
2/17/2016,5140.9635,1531.8331,682.2794,2687.5861,1229.9354
2/18/2016,5117.2505,1528.1657,674.7227,2705.8353,1247.533
2/19/2016,5117.8576,1525.3926,680.1295,2685.749,1238.9742
2/22/2016,5191.8403,1549.7961,688.53,2713.5978,1253.141
2/23/2016,5127.4983,1528.2733,681.7668,2690.4255,1245.3975
2/24/2016,5150.5292,1534.4592,690.0511,2644.1239,1231.8325
2/25/2016,5210.2153,1552.8067,695.5252,2683.4831,1230.0229
2/26/2016,5201.0702,1552.0462,700.7473,2690.3482,1237.8344
2/29/2016,5159.3303,1539.9466,696.9977,2690.8926,1238.4012
3/1/2016,5282.5633,1573.8258,711.7491,2715.6669,1259.4917
3/2/2016,5305.1561,1588.7628,718.4039,2756.0867,1286.5988
3/3/2016,5324.2676,1598.8238,723.8122,2786.279,1305.2121
3/4/2016,5341.9939,1607.2494,727.7254,2815.9644,1323.2607
3/7/2016,5347.075,1615.7524,735.343,2805.448,1330.4095
3/8/2016,5287.9591,1590.5733,716.8293,2794.941,1318.6248
3/9/2016,5315.5808,1600.2707,719.6346,2792.4081,1318.0265
3/10/2016,5316.7602,1600.2891,711.7348,2788.3434,1323.1871
3/11/2016,5405.4273,1629.2789,728.4526,2845.1801,1340.2136
3/14/2016,5398.9608,1624.1,728.2548,2858.9135,1344.6513
3/15/2016,5389.1418,1619.077,713.3,2833.0643,1323.4102
3/16/2016,5419.6812,1628.0891,718.0748,2817.2016,1324.3325
3/17/2016,5455.4789,1644.2569,727.2039,2879.0284,1367.5976
3/18/2016,5479.5135,1651.9713,736.132,2874.1782,1384.1457
3/21/2016,5484.9357,1652.1619,735.0444,2861.9611,1388.0709
3/22/2016,5480.9551,1649.4461,735.7394,2865.2355,1390.5648
3/23/2016,5445.9675,1635.8152,720.2814,2843.9032,1375.8578
3/24/2016,5443.9309,1634.8301,722.354,2804.9719,1363.0193
3/25/2016,5443.9309,1634.8301,722.354,2811.9349,1360.8582
3/28/2016,5446.9394,1635.6486,722.5951,2825.913,1362.1212
3/29/2016,5496.0705,1647.0857,745.0454,2828.9896,1365.1326
3/30/2016,5520.5725,1653.9024,746.0762,2882.9075,1397.3865
3/31/2016,5509.3166,1650.8757,750.3913,2868.2542,1402.1829
4/1/2016,5544.2436,1657.4811,755.2589,2806.3064,1384.5495
4/4/2016,5527.6586,1649.9665,750.9805,2825.4823,1385.9191
4/5/2016,5471.5962,1631.6619,742.7281,2771.395,1362.9118
4/6/2016,5531.071,1646.847,755.2941,2790.3598,1356.4076
4/7/2016,5465.0319,1628.0559,744.2063,2794.461,1356.8768
4/8/2016,5480.3272,1636.7644,745.1136,2825.3591,1369.5078
4/11/2016,5465.3122,1634.7679,739.6582,2838.8021,1381.6615
4/12/2016,5518.2907,1653.1393,745.9258,2847.4387,1393.2502
4/13/2016,5574.5251,1672.9597,764.3308,2899.4094,1415.527
4/14/2016,5576.046,1673.6628,763.5066,2928.5197,1417.8595
4/15/2016,5570.5577,1670.6858,764.9638,2927.2999,1419.9952
4/18/2016,5607.1038,1682.5635,771.871,2918.3437,1415.2191
4/19/2016,5624.3989,1696.5532,768.7517,2980.0868,1430.4432
4/20/2016,5629.0066,1700.4677,771.7314,2985.0125,1424.9461
4/21/2016,5599.9068,1688.625,769.7846,2988.2012,1432.1767
4/22/2016,5600.2011,1697.6993,776.8644,2965.6813,1418.0401
4/25/2016,5590.0555,1691.6938,770.041,2959.9044,1407.9969
4/26/2016,5600.5246,1700.2662,776.5841,2964.5357,1413.8076
4/27/2016,5610.1731,1710.9926,777.8321,2958.865,1414.7744
4/28/2016,5558.7763,1694.8584,766.8848,2961.3409,1416.4234
4/29/2016,5530.6878,1685.5541,757.8734,2953.3936,1410.0145
5/2/2016,5573.9204,1697.1036,765.2412,2943.7301,1402.5968
5/3/2016,5525.7096,1678.046,751.7831,2912.8265,1378.369
5/4/2016,5494.0732,1666.9314,742.5767,2877.4455,1365.8525
5/5/2016,5494.089,1666.4593,739.03,2868.7539,1359.071
5/6/2016,5512.2602,1671.1799,741.4054,2865.3771,1352.2002
5/9/2016,5516.4705,1667.6339,747.3241,2864.2025,1344.8753
5/10/2016,5585.4515,1689.2324,753.6885,2894.1277,1355.1442
5/11/2016,5534.9448,1678.9144,742.0774,2894.7681,1356.9416
5/12/2016,5534.5555,1679.5191,736.6504,2880.5594,1354.8342
5/13/2016,5488.0576,1663.3159,734.2161,2857.4748,1337.0814
5/16/2016,5542.3904,1678.9227,744.8564,2869.0023,1339.3965
5/17/2016,5491.9334,1667.2665,732.49,2881.0175,1346.5318
5/18/2016,5493.8763,1668.9764,736.3545,2880.151,1334.2322
5/19/2016,5473.5625,1664.5404,731.5936,2840.1112,1313.5031
5/20/2016,5507.3878,1676.2286,744.6713,2866.2412,1319.4314
5/23/2016,5496.0872,1672.4563,745.1804,2858.5605,1325.7213
5/24/2016,5571.4236,1692.9619,762.524,2882.3933,1324.3021
5/25/2016,5610.6098,1708.5022,765.9749,2916.6883,1344.0252
5/26/2016,5610.2241,1705.7514,765.5356,2931.821,1349.5201
5/27/2016,5635.282,1713.3845,774.4275,2930.3552,1358.6272
5/30/2016,5635.282,1713.3845,774.4275,2935.3486,1357.8575
5/31/2016,5629.9874,1711.7353,778.2915,2929.0974,1357.6075
6/1/2016,5637.322,1714.6203,785.0533,2915.2328,1357.2542
6/2/2016,5653.8971,1719.7303,792.8405,2904.4383,1361.2363
6/3/2016,5637.5171,1713.3383,787.1327,2935.9906,1372.9625
6/6/2016,5665.2722,1724.9271,796.1157,2947.3123,1385.134
6/7/2016,5672.6975,1730.0259,798.1689,2975.6851,1406.6442
6/8/2016,5692.6359,1735.8708,803.8047,2982.9084,1418.0237
6/9/2016,5683.1048,1731.4994,797.0015,2945.8094,1409.1839
6/10/2016,5631.0336,1713.7627,783.639,2885.3716,1387.2987
6/13/2016,5587.0099,1701.2418,774.2677,2830.5276,1363.2595
6/14/2016,5577.3481,1695.5186,773.7056,2771.604,1352.543
6/15/2016,5567.5084,1693.1732,775.1414,2795.3314,1361.2765
6/16/2016,5585.8636,1698.1477,774.6695,2758.8836,1347.8901
6/17/2016,5567.694,1699.1202,768.606,2805.8925,1358.7504
6/20/2016,5600.0748,1709.714,778.5978,2908.1219,1384.2212
6/21/2016,5615.7589,1716.3497,773.8779,2918.6486,1391.5814
6/22/2016,5606.5347,1713.1525,771.2236,2923.024,1399.6365
6/23/2016,5681.5315,1739.8129,787.3652,2968.2692,1410.2183
6/24/2016,5477.4521,1673.0944,756.4542,2757.5218,1360.443
6/27/2016,5378.3294,1638.4112,732.0137,2676.0987,1343.5462
6/28/2016,5475.083,1668.9183,745.1063,2722.5905,1361.7512
6/29/2016,5569.0434,1699.9069,761.8926,2805.6744,1391.5095
6/30/2016,5644.5992,1726.5367,774.7106,2831.954,1412.6448
7/1/2016,5656.6285,1728.275,778.4554,2853.5383,1421.4446
7/4/2016,5656.6285,1728.275,778.4554,2851.6348,1428.6364
7/5/2016,5618.3003,1710.8543,768.5019,2816.0931,1409.102
7/6/2016,5650.3469,1720.0135,774.7581,2770.7052,1388.0833
7/7/2016,5645.9908,1715.9206,778.0393,2787.9774,1401.7429
7/8/2016,5732.1349,1743.1,796.2964,2803.8981,1404.9311
7/11/2016,5751.6735,1749.4161,804.0938,2850.6655,1435.658
7/12/2016,5792.0159,1765.31,812.6381,2882.7712,1448.53
7/13/2016,5793.3428,1767.1072,807.955,2898.5972,1452.6831
7/14/2016,5823.9332,1776.1607,808.097,2913.7224,1469.1397
7/15/2016,5818.5231,1775.4228,809.9809,2906.1846,1473.0552
7/18/2016,5832.6207,1778.6088,811.9026,2910.8869,1479.6767
7/19/2016,5824.3913,1775.4473,806.1568,2894.3495,1477.0466
7/20/2016,5850.0006,1779.4199,815.3336,2912.2783,1481.569
7/21/2016,5828.9637,1773.1215,810.5465,2918.5128,1482.6693
7/22/2016,5855.5352,1782.1673,817.8722,2906.2903,1479.4867
7/25/2016,5837.9337,1774.3994,816.2643,2909.1669,1479.2396
7/26/2016,5840.0001,1778.1574,820.4454,2915.5762,1482.1515
7/27/2016,5833.2085,1771.0055,823.5465,2924.312,1487.8372
7/28/2016,5843.0894,1772.2825,823.9759,2920.848,1490.4351
7/29/2016,5852.6848,1776.6672,825.368,2975.4145,1487.1343
8/1/2016,5845.2728,1766.8869,827.422,2963.3657,1502.7748
8/2/2016,5808.2336,1754.6067,815.0747,2943.7343,1493.1059
8/3/2016,5828.209,1763.9305,821.0326,2913.0636,1478.5497
8/4/2016,5830.9218,1763.5828,822.1612,2931.6922,1492.1266
8/5/2016,5881.218,1783.0909,831.7703,2935.1714,1508.5277
8/8/2016,5876.4357,1784.92,830.1035,2952.2327,1525.6141
8/9/2016,5878.953,1784.1522,831.7954,2987.4645,1532.9898
8/10/2016,5864.2874,1777.0473,825.7957,2995.7793,1538.5903
8/11/2016,5892.816,1786.005,830.3644,3014.1807,1546.5555
8/12/2016,5888.4302,1784.9708,831.819,3018.9161,1550.862
8/15/2016,5905.5864,1791.7421,839.7005,3019.1272,1561.2649
8/16/2016,5874.2732,1783.7337,831.3798,3007.6595,1560.8217
8/17/2016,5886.7102,1788.2706,827.8131,3003.329,1550.7409
8/18/2016,5899.8047,1795.968,833.4328,3015.6285,1562.4859
8/19/2016,5892.1284,1791.2708,833.6424,3001.3502,1552.1535
8/22/2016,5888.9152,1788.4924,836.4006,3005.9793,1541.7568
8/23/2016,5900.5648,1792.5421,842.9304,3022.5438,1545.7225
8/24/2016,5869.9758,1784.5493,833.5057,3018.4104,1529.3563
8/25/2016,5862.0633,1784.8721,834.1866,3006.3492,1531.6679
8/26/2016,5852.9329,1780.5684,834.1352,3006.8388,1537.3882
8/29/2016,5884.3354,1794.1153,838.1366,2982.4151,1528.1852
8/30/2016,5873.78,1794.4718,839.1193,2983.6976,1533.274
8/31/2016,5860.9208,1790.3671,834.142,2977.8466,1524.5241
9/1/2016,5860.7442,1788.3712,836.5087,2993.9246,1520.6046
9/2/2016,5885.6703,1797.9688,843.7916,3021.3275,1535.9107
9/5/2016,5885.6703,1797.9688,843.7916,3032.3554,1553.0297
9/6/2016,5903.3481,1802.8499,846.6112,3056.1295,1576.6966
9/7/2016,5903.9023,1804.0792,850.9034,3065.4703,1581.3166
9/8/2016,5891.0291,1805.2323,848.2831,3062.6443,1583.712
9/9/2016,5746.6573,1760.205,821.2237,3017.407,1553.1524
9/12/2016,5831.3111,1785.2003,834.1911,2985.5952,1519.2385
9/13/2016,5746.6016,1753.5463,819.2687,2964.7073,1513.4753
9/14/2016,5743.6217,1748.4594,821.611,2956.5416,1512.2867
9/15/2016,5802.6338,1764.9764,833.3281,2962.7013,1518.9904
9/16/2016,5780.7978,1756.5651,831.8563,2942.5513,1512.9587
9/19/2016,5780.771,1759.7471,836.8251,2972.491,1533.9559
9/20/2016,5782.5681,1757.1533,834.8418,2972.3994,1535.9206
9/21/2016,5845.7553,1778.0667,845.6503,3004.0665,1547.7389
9/22/2016,5883.8472,1789.5211,857.2074,3055.3854,1573.8997
9/23/2016,5850.0929,1778.8909,850.6177,3035.3563,1568.1288
9/26/2016,5800.3577,1763.6322,841.8136,3008.6051,1547.6179
9/27/2016,5838.0066,1770.7804,847.3944,3006.0615,1557.3403
9/28/2016,5870.2242,1788.1259,851.358,3010.5997,1559.3542
9/29/2016,5815.6474,1770.7191,837.1559,3024.3613,1561.5519
9/30/2016,5862.0151,1786.6359,846.1516,3015.6145,1544.5828
10/3/2016,5843.6359,1779.8871,843.0773,3018.0705,1558.7765
10/4/2016,5815.2261,1770.2206,839.6391,3021.3136,1565.6501
10/5/2016,5842.585,1782.9918,844.4596,3015.2515,1565.2401
10/6/2016,5845.5521,1782.4847,842.8607,3004.0859,1568.3234
10/7/2016,5826.725,1778.1555,836.1889,2992.5605,1564.5261
10/10/2016,5853.5625,1787.2731,845.8409,3001.2631,1571.1758
10/11/2016,5780.7471,1764.7917,827.7101,2973.6664,1548.7702
10/12/2016,5787.8526,1765.5654,825.3544,2946.4446,1543.9956
10/13/2016,5770.1245,1759.7235,818.5816,2932.5072,1523.3329
10/14/2016,5771.2897,1759.4639,814.5396,2950.8534,1534.2474
10/17/2016,5753.9114,1755.2166,812.5543,2937.1384,1530.2793
10/18/2016,5789.3576,1764.5153,816.7933,2967.1229,1553.9508
10/19/2016,5802.8901,1770.4026,818.2422,2978.8227,1562.1605
10/20/2016,5795.3165,1767.7592,816.6906,2978.4601,1562.2118
10/21/2016,5794.8565,1761.7953,816.3821,2965.3992,1558.6659
10/24/2016,5822.4131,1765.6191,821.913,2966.3573,1570.9332
10/25/2016,5800.4848,1762.1567,813.572,2962.7117,1570.6767
10/26/2016,5790.4684,1763.4097,803.7493,2965.4621,1557.5592
10/27/2016,5773.3911,1759.3182,792.1087,2956.6622,1548.636
10/28/2016,5755.7659,1756.571,791.4935,2954.0647,1545.5988
10/31/2016,5755.0816,1758.9842,793.5684,2954.4251,1548.334
11/1/2016,5716.0845,1747.766,785.2463,2953.7588,1544.1653
11/2/2016,5679.51,1734.3444,773.8869,2937.1107,1523.0205
11/3/2016,5656.4625,1731.8615,767.7939,2931.5756,1514.0358
11/4/2016,5647.1831,1728.5735,773.4891,2908.3865,1505.876
11/7/2016,5772.7377,1765.2249,792.8372,2923.4495,1530.9655
11/8/2016,5797.3513,1771.891,795.5533,2932.8415,1544.1081
11/9/2016,5861.973,1799.8272,819.399,2902.9505,1506.0428
11/10/2016,5873.9659,1814.721,830.0846,2921.4669,1498.3575
11/11/2016,5865.7545,1811.9012,849.7581,2911.4499,1452.9702
11/14/2016,5865.9233,1825.1089,858.1645,2890.1142,1435.6827
11/15/2016,5911.184,1839.2032,859.8847,2895.1013,1440.0308
11/16/2016,5903.4795,1829.3968,859.2026,2885.5009,1449.8494
11/17/2016,5931.4354,1834.656,865.5638,2900.4856,1449.9336
11/18/2016,5918.2226,1833.1485,868.7297,2867.6374,1445.3827
11/21/2016,5962.4653,1845.8153,872.7574,2887.2564,1450.297
11/22/2016,5975.6571,1849.6361,877.5232,2888.5032,1467.5601
11/23/2016,5980.6824,1855.2801,883.4211,2870.6617,1465.0056
11/24/2016,5980.6824,1855.2801,883.4211,2888.1266,1458.346
11/25/2016,6004.2127,1862.6897,887.529,2904.547,1464.7943
11/28/2016,5973.4299,1850.6695,874.2054,2893.631,1477.4619
11/29/2016,5982.8125,1850.1301,872.67,2899.7398,1469.4337
11/30/2016,5968.2285,1859.4357,864.4273,2896.31,1477.0916
12/1/2016,5947.4789,1862.3337,853.1641,2898.7961,1469.5604
12/2/2016,5949.8404,1861.6087,854.134,2898.1503,1460.4897
12/5/2016,5985.0769,1872.7688,869.0504,2909.9234,1462.0427
12/6/2016,6005.6457,1882.3089,878.4376,2938.222,1474.9542
12/7/2016,6085.8643,1908.2455,884.5817,2973.216,1485.4997
12/8/2016,6099.6328,1915.8713,898.0277,2977.7624,1505.5769
12/9/2016,6135.9046,1923.6646,897.371,2982.5928,1503.069
12/12/2016,6129.2549,1923.3028,887.8036,2989.3121,1493.5099
12/13/2016,6170.4016,1932.7868,888.7581,3019.0866,1502.0527
12/14/2016,6120.6594,1911.3992,878.4962,3014.6249,1494.4687
12/15/2016,6144.6996,1920.6224,885.182,2958.5978,1470.3704
12/16/2016,6134.1099,1918.0065,884.0574,2966.1349,1466.5909
12/19/2016,6146.3769,1920.9956,887.8649,2976.8148,1457.5707
12/20/2016,6169.6193,1929.6785,893.7695,2970.2087,1457.8813
12/21/2016,6154.6704,1924.3497,887.9207,2976.5643,1457.6714
12/22/2016,6143.9872,1922.4044,877.8392,2977.0762,1443.31
12/23/2016,6151.9344,1924.8179,885.9111,2977.439,1442.0126
12/26/2016,6151.9344,1924.8179,885.9111,2974.2918,1443.491
12/27/2016,6165.8263,1927.8867,889.9254,2973.4028,1447.5284
12/28/2016,6115.3536,1910.6319,878.0636,2969.356,1462.4102
12/29/2016,6113.8567,1909.8121,880.1928,2980.4991,1474.9101
12/30/2016,6085.7971,1905.6868,876.2164,2995.9771,1481.4952
1/2/2017,6085.7971,1905.6868,876.2164,3004.8191,1480.8467
1/3/2017,6137.5867,1921.7612,880.8873,2983.4205,1492.1413
1/4/2017,6174.0949,1933.9449,896.5206,3022.4539,1497.353
1/5/2017,6169.4141,1926.8982,888.8917,3063.3793,1515.0604
1/6/2017,6193.01,1929.0907,886.3971,3049.3267,1514.0122
1/9/2017,6171.0551,1915.9175,885.3014,3039.8792,1509.4244
1/10/2017,6171.0965,1916.4052,892.6995,3051.0205,1521.8992
1/11/2017,6189.1377,1924.9246,892.735,3030.4522,1523.7229
1/12/2017,6175.9932,1918.6756,887.9135,3064.3295,1540.756
1/13/2017,6187.4179,1921.9608,896.1459,3074.2756,1539.6373
1/16/2017,6187.4179,1921.9608,896.1459,3054.3494,1527.8325
1/17/2017,6169.0567,1911.6251,882.6216,3064.349,1537.7304
1/18/2017,6180.9483,1916.0165,886.5916,3069.3133,1542.9199
1/19/2017,6158.7571,1907.9338,877.9758,3046.7694,1537.1381
1/20/2017,6179.6571,1916.9119,881.2829,3059.8662,1535.0073
1/23/2017,6163.2175,1906.8152,878.4192,3067.3426,1550.2903
1/24/2017,6203.6792,1922.3393,891.5108,3070.3134,1561.4823
1/25/2017,6253.4968,1938.5998,900.2004,3099.4686,1567.5733
1/26/2017,6249.019,1937.3458,894.1747,3095.6015,1575.4361
1/27/2017,6243.9397,1931.8317,892.4582,3099.5399,1574.0441
1/30/2017,6206.7072,1918.2033,882.3881,3079.6179,1569.1807
1/31/2017,6201.2223,1919.2639,890.4355,3083.1418,1562.5495
2/1/2017,6204.459,1915.4641,890.3554,3087.2104,1569.053
2/2/2017,6208.3816,1918.9666,887.6708,3091.0973,1572.8797
2/3/2017,6254.0436,1937.5373,900.216,3100.7457,1579.1698
2/6/2017,6240.84,1931.3244,893.408,3080.7998,1586.2558
2/7/2017,6242.537,1926.6942,890.9833,3075.3473,1580.9083
2/8/2017,6248.864,1926.3645,891.3949,3093.5061,1584.1396
2/9/2017,6285.9588,1939.5103,905.276,3087.6229,1590.8456
2/10/2017,6308.7619,1947.5103,911.2955,3100.2283,1598.7373
2/13/2017,6343.4599,1959.3703,912.0643,3114.247,1607.8296
2/14/2017,6370.7004,1968.7445,914.0104,3094.4654,1605.4781
2/15/2017,6403.4432,1977.7635,920.9853,3114.2449,1618.7371
2/16/2017,6398.5485,1975.6838,916.9988,3134.9447,1625.4597
2/17/2017,6409.4254,1977.6414,919.5785,3127.0805,1614.2045
2/20/2017,6409.4254,1977.6414,919.5785,3128.244,1622.0402
2/21/2017,6448.196,1991.6257,925.6804,3125.6476,1625.9265
2/22/2017,6441.8038,1986.4646,920.6679,3132.6428,1635.093
2/23/2017,6445.2621,1989.4201,912.8885,3146.8603,1637.1225
2/24/2017,6456.4213,1989.4289,915.3592,3122.8255,1622.4175
2/27/2017,6463.913,1993.2363,926.3841,3121.3339,1616.9644
2/28/2017,6447.4437,1988.1969,912.2131,3127.6496,1610.2277
3/1/2017,6536.7842,2017.6878,929.2012,3140.5445,1614.0587
3/2/2017,6498.9998,2002.4953,920.8185,3139.5285,1610.6485
3/3/2017,6502.4576,2003.4118,920.2011,3137.4103,1601.565
3/6/2017,6481.2825,1995.7274,913.6656,3137.843,1607.4035
3/7/2017,6462.824,1988.035,907.6561,3129.5107,1611.0753
3/8/2017,6449.9473,1977.2234,905.3908,3117.9585,1608.4778
3/9/2017,6455.1727,1978.5593,902.9118,3121.8859,1588.0713
3/10/2017,6476.3978,1984.187,908.2658,3150.6724,1593.5881
3/13/2017,6480.8795,1984.4039,911.6998,3165.6733,1614.896
3/14/2017,6459.2798,1976.9014,905.5009,3152.8016,1617.5055
3/15/2017,6513.5904,1995.6343,920.3835,3159.2607,1623.796
3/16/2017,6503.2355,1992.9698,920.8852,3211.9901,1657.8495
3/17/2017,6494.7187,1988.3701,924.0063,3216.5961,1661.9287
3/20/2017,6481.8521,1981.0041,921.668,3217.3498,1673.6389
3/21/2017,6402.0097,1953.0035,897.7119,3219.5826,1674.8988
3/22/2017,6414.3305,1953.2406,898.9896,3191.8342,1664.8224
3/23/2017,6407.6045,1953.616,902.4404,3206.7188,1666.647
3/24/2017,6402.1965,1950.8819,904.7868,3215.4603,1668.8286
3/27/2017,6395.6686,1946.328,908.0735,3216.0305,1662.9873
3/28/2017,6442.1127,1963.084,912.5135,3241.56,1670.9715
3/29/2017,6450.3974,1964.4001,916.023,3231.2438,1674.1713
3/30/2017,6469.5398,1973.8597,919.9406,3233.145,1670.4541
3/31/2017,6454.9644,1967.9394,923.0174,3217.6009,1651.3668
4/3/2017,6444.6785,1963.474,911.8758,3205.3984,1663.2024
4/4/2017,6449.332,1966.8867,909.7644,3206.5291,1663.4028
4/5/2017,6430.282,1959.1886,899.8608,3205.1335,1670.6739
4/6/2017,6444.5974,1966.1843,906.6672,3197.1043,1660.4763
4/7/2017,6439.2878,1963.2413,907.7512,3196.9045,1657.6435
4/10/2017,6444.0779,1965.4182,909.6254,3198.8221,1651.4624
4/11/2017,6435.7615,1964.171,914.8244,3211.1523,1645.5349
4/12/2017,6411.6608,1954.968,904.5063,3208.3333,1652.1289
4/13/2017,6367.9818,1936.9962,897.7079,3198.7476,1660.2912
4/14/2017,6367.9818,1936.9962,897.7079,3194.7399,1656.1418
4/17/2017,6422.864,1954.2681,908.0528,3212.6273,1660.1899
4/18/2017,6404.4026,1947.0691,908.5085,3189.5278,1651.6494
4/19/2017,6394.2961,1940.782,914.1383,3190.7063,1643.4991
4/20/2017,6442.7628,1955.0562,925.2482,3206.9809,1653.0652
4/21/2017,6423.209,1945.9149,920.9255,3202.0105,1658.9909
4/24/2017,6492.9631,1967.4623,933.0689,3283.6626,1676.0378
4/25/2017,6532.5092,1979.8692,942.5275,3303.0135,1695.5423
4/26/2017,6529.4254,1978.515,946.3338,3308.6689,1695.4116
4/27/2017,6533.6981,1974.1285,949.0189,3304.7316,1690.607
4/28/2017,6521.2637,1964.2468,940.0162,3301.607,1687.7309
5/1/2017,6532.5828,1965.0599,945.3807,3311.4468,1690.8373
5/2/2017,6540.3508,1964.1526,940.6856,3326.6103,1705.7066
5/3/2017,6533.3224,1964.4474,934.1455,3322.4415,1701.6745
5/4/2017,6537.49,1960.502,934.0064,3340.7734,1692.0783
5/5/2017,6564.3203,1971.0777,940.2907,3362.884,1689.0574
5/8/2017,6565.2304,1969.5922,934.3042,3367.1992,1700.9963
5/9/2017,6558.7832,1962.8179,937.3602,3356.0929,1710.6031
5/10/2017,6568.7219,1968.8094,943.8342,3360.5013,1718.3843
5/11/2017,6556.6201,1963.2442,938.8403,3355.1163,1727.4824
5/12/2017,6547.0573,1956.9562,935.5989,3373.0668,1731.0515
5/15/2017,6579.1335,1969.4152,943.2946,3386.9105,1744.7594
5/16/2017,6575.9159,1966.6451,944.8161,3416.2732,1753.2044
5/17/2017,6458.3242,1932.9233,917.7845,3407.2293,1742.1978
5/18/2017,6482.247,1935.728,921.8441,3381.6142,1707.2761
5/19/2017,6526.2816,1951.944,925.3595,3407.2402,1720.1333
5/22/2017,6560.0732,1959.6627,932.3738,3427.6056,1734.1013
5/23/2017,6572.2839,1966.5598,933.0624,3426.0407,1735.6158
5/24/2017,6588.8988,1968.0151,936.367,3417.9956,1736.6628
5/25/2017,6619.0819,1970.0925,938.4538,3426.9289,1753.1577
5/26/2017,6621.9958,1970.087,937.7527,3414.4347,1757.6059
5/29/2017,6621.9958,1970.087,937.7527,3411.8395,1754.579
5/30/2017,6615.0515,1964.2503,930.7891,3412.0664,1748.7006
5/31/2017,6613.0311,1962.3214,931.4675,3424.9237,1737.8771
6/1/2017,6663.8975,1980.6792,949.7249,3434.3931,1743.5668
6/2/2017,6688.7132,1979.659,958.5463,3473.9399,1755.4647
6/5/2017,6680.8249,1976.5286,951.9399,3465.5682,1759.9917
6/6/2017,6662.2753,1972.9071,951.8996,3453.1326,1757.1934
6/7/2017,6674.116,1973.7196,953.3083,3452.1672,1757.0571
6/8/2017,6676.0729,1977.5716,963.6834,3436.1252,1763.2801
6/9/2017,6670.5482,1994.172,959.1962,3433.4786,1761.7977
6/12/2017,6664.5036,1998.3062,956.8274,3421.9734,1745.9021
6/13/2017,6696.2937,2004.8105,962.4858,3439.0999,1748.171
6/14/2017,6690.103,2000.4079,958.2829,3457.5563,1755.0191
6/15/2017,6676.3531,1997.182,952.9231,3405.5698,1737.7505
6/16/2017,6678.2951,2000.7497,951.7874,3434.4205,1736.9275
6/19/2017,6734.1241,2011.7185,963.392,3450.7524,1754.082
6/20/2017,6689.0953,1997.0975,954.5156,3425.3601,1746.9727
6/21/2017,6685.7811,1986.2175,957.8688,3416.3573,1743.2814
6/22/2017,6682.8096,1984.9586,962.7472,3422.6487,1749.1029
6/23/2017,6693.2408,1987.1229,970.7167,3428.4908,1754.0903
6/26/2017,6695.4296,1993.7444,969.6805,3438.0914,1769.7067
6/27/2017,6641.3791,1984.4424,956.0751,3435.5138,1765.607
6/28/2017,6701.1904,1999.9157,973.4251,3451.6157,1757.9367
6/29/2017,6643.7809,1991.8492,962.7171,3442.5421,1761.9354
6/30/2017,6654.3022,1994.3992,963.525,3419.8081,1756.4758
7/3/2017,6670.2848,2010.1221,966.3802,3427.9931,1764.0928
7/4/2017,6670.2848,2010.1221,966.3802,3418.9845,1751.2392
7/5/2017,6681.2935,2005.8818,965.777,3421.1087,1757.0898
7/6/2017,6621.1088,1984.9157,952.802,3419.3498,1752.3098
7/7/2017,6663.5878,1992.6725,965.5098,3403.9765,1746.2788
7/10/2017,6669.7701,1989.6498,961.1264,3415.5102,1758.465
7/11/2017,6664.6679,1986.9309,966.4446,3411.7718,1774.4621
7/12/2017,6713.9252,1997.192,975.6297,3452.6463,1795.2968
7/13/2017,6726.6729,2001.7554,974.9028,3459.9655,1815.3491
7/14/2017,6758.2254,2008.1032,978.1096,3485.1522,1826.5877
7/17/2017,6758.0859,2008.3929,978.7271,3487.895,1834.6392
7/18/2017,6762.2731,2004.6402,976.7439,3489.3481,1837.9767
7/19/2017,6799.2222,2016.2197,986.24,3498.5752,1850.7402
7/20/2017,6798.6407,2015.6586,987.0283,3519.8087,1849.5573
7/21/2017,6796.1394,2012.7413,983.0401,3501.3361,1851.1626
7/24/2017,6789.053,2008.6394,987.241,3487.5812,1858.4075
7/25/2017,6808.8987,2020.758,992.393,3498.091,1854.0608
7/26/2017,6810.8296,2016.3015,989.4561,3504.7426,1855.2856
7/27/2017,6804.9205,2018.698,979.4459,3517.9051,1867.0589
7/28/2017,6796.0484,2017.1658,976.6306,3509.3674,1856.6172
7/31/2017,6791.1293,2020.9052,971.7091,3518.7779,1862.4515
8/1/2017,6807.7868,2026.1522,973.4842,3548.4004,1867.4819
8/2/2017,6812.4476,2023.1956,961.829,3547.6127,1869.3608
8/3/2017,6798.8544,2019.2353,957.9204,3553.8916,1859.2854
8/4/2017,6811.819,2023.5343,961.1642,3540.0487,1865.041
8/7/2017,6823.2287,2022.1601,965.6421,3551.1544,1879.3439
8/8/2017,6807.5796,2017.5605,962.4215,3541.1801,1885.0687
8/9/2017,6805.9052,2015.5663,954.7633,3522.5209,1868.4757
8/10/2017,6709.83,1991.083,935.5905,3506.9808,1846.6182
8/11/2017,6718.8339,1987.6037,941.4679,3487.738,1823.3283
8/14/2017,6786.6862,2004.1979,955.3267,3501.9512,1842.3238
8/15/2017,6784.8608,2002.1771,948.567,3491.9502,1840.4918
8/16/2017,6796.4264,2003.9215,949.78,3506.4619,1854.2317
8/17/2017,6691.8146,1974.5291,933.0821,3507.4297,1859.7819
8/18/2017,6679.6968,1970.6692,932.3191,3490.1974,1853.1896
8/21/2017,6687.6671,1972.9733,931.5342,3492.3849,1860.4482
8/22/2017,6754.3847,1987.5591,942.7323,3497.9794,1876.0089
8/23/2017,6731.6609,1984.1672,939.9764,3500.0309,1881.5949
8/24/2017,6717.8375,1980.8643,942.7023,3496.5321,1893.6584
8/25/2017,6729.8416,1987.396,942.6643,3511.639,1898.8002
8/28/2017,6733.3962,1984.6114,949.741,3517.4671,1898.3448
8/29/2017,6740.0265,1982.7047,952.1463,3507.9938,1891.6518
8/30/2017,6772.8818,1987.8718,959.5685,3495.7529,1903.5574
8/31/2017,6811.9179,1997.3651,970.5718,3517.8478,1904.6234
9/1/2017,6825.8676,2004.8022,975.8987,3531.7684,1911.0882
9/4/2017,6825.8676,2004.8022,975.8987,3521.096,1897.2586
9/5/2017,6774.3266,1985.9225,969.0654,3522.5474,1900.0999
9/6/2017,6795.5693,1993.5647,969.7867,3525.3434,1897.4031
9/7/2017,6795.914,1985.8858,969.6243,3552.4325,1909.8755
9/8/2017,6786.083,1986.7513,969.1131,3561.0176,1911.8006
9/11/2017,6859.748,2010.6901,977.9157,3582.8385,1926.1334
9/12/2017,6883.2152,2021.6465,982.0823,3591.6103,1931.5782
9/13/2017,6888.5365,2024.6478,982.6079,3582.4418,1927.0871
9/14/2017,6883.195,2026.0954,981.7895,3571.4187,1928.0332
9/15/2017,6896.7895,2030.0043,986.0223,3581.0592,1932.08
9/18/2017,6907.0805,2036.4231,993.3491,3585.441,1951.1209
9/19/2017,6914.8241,2038.7587,992.1106,3606.9311,1945.3631
9/20/2017,6919.2173,2042.3485,994.3026,3613.0979,1949.776
9/21/2017,6898.3546,2038.7434,993.4662,3591.019,1942.9764
9/22/2017,6902.9759,2040.7016,997.2924,3606.2273,1932.6339
9/25/2017,6887.6373,2046.7164,994.4476,3593.2502,1908.1619
9/26/2017,6888.6691,2045.2932,995.6601,3567.3256,1893.8948
9/27/2017,6916.8105,2049.9317,1016.898,3569.6567,1891.2956
9/28/2017,6926.5972,2052.2803,1019.8437,3587.8892,1880.8969
9/29/2017,6952.4366,2056.5223,1023.4158,3606.8598,1897.4018
10/2/2017,6979.4038,2069.1061,1036.8215,3602.4741,1899.6401
10/3/2017,6994.7633,2074.0605,1038.8695,3614.3337,1924.354
10/4/2017,7003.9513,2075.9755,1038.5796,3613.1459,1933.0074
10/5/2017,7044.7285,2085.238,1039.6118,3606.9801,1934.6214
10/6/2017,7039.3743,2080.1417,1040.6057,3604.7106,1935.2691
10/9/2017,7026.6725,2073.8139,1034.6533,3611.9113,1930.5994
10/10/2017,7043.1765,2081.6388,1035.6616,3637.443,1951.9487
10/11/2017,7056.0068,2081.6489,1035.7273,3641.752,1960.3954
10/12/2017,7044.7166,2074.087,1035.1715,3648.0945,1967.9828
10/13/2017,7051.0066,2073.7899,1032.2948,3663.4132,1975.5263
10/16/2017,7063.4983,2076.5166,1031.996,3664.5846,1985.9006
10/17/2017,7068.2503,2076.3274,1029.3952,3649.0211,1975.0922
10/18/2017,7073.7651,2078.1901,1034.3075,3657.8951,1977.3674
10/19/2017,7076.6728,2080.9535,1031.4158,3667.2591,1959.8379
10/20/2017,7113.3803,2092.9609,1037.8988,3652.2548,1964.7792
10/23/2017,7085.2864,2086.357,1030.8524,3650.4876,1958.1144
10/24/2017,7096.9263,2089.3127,1032.831,3646.9774,1953.6333
10/25/2017,7063.8329,2077.5597,1027.1971,3640.4323,1955.0032
10/26/2017,7072.8167,2081.506,1029.9573,3642.2776,1944.6041
10/27/2017,7129.932,2081.7748,1039.0398,3639.8319,1948.2364
10/30/2017,7107.7161,2070.3165,1028.9643,3656.9242,1957.5708
10/31/2017,7114.663,2071.4539,1039.2714,3661.8743,1964.0127
11/1/2017,7126.0005,2077.7127,1030.0963,3674.573,1981.3803
11/2/2017,7128.1036,2077.9221,1030.6354,3682.8598,1978.5195
11/3/2017,7150.8957,2079.4378,1034.2105,3673.2773,1976.5972
11/6/2017,7160.5839,2082.4892,1035.2554,3670.3328,1985.1143
11/7/2017,7159.2623,2078.3151,1023.1724,3672.2973,1991.3042
11/8/2017,7169.7498,2077.7105,1028.2236,3681.5014,1991.5629
11/9/2017,7144.5083,2072.9304,1022.1113,3663.8894,1990.0878
11/10/2017,7140.6695,2070.2211,1022.5233,3658.4372,1980.8448
11/13/2017,7147.8384,2071.9165,1022.2801,3633.852,1971.7887
11/14/2017,7132.4466,2065.1199,1019.197,3632.8611,1963.1271
11/15/2017,7094.6585,2057.3487,1013.8005,3613.1658,1950.5383
11/16/2017,7155.1245,2071.3412,1032.4878,3635.9161,1975.5451
11/17/2017,7136.5965,2069.8048,1035.3064,3636.9734,1995.0397
11/20/2017,7145.9349,2071.7918,1042.5829,3640.8154,1994.4253
11/21/2017,7192.7941,2079.8923,1055.3521,3655.6141,2020.6151
11/22/2017,7188.0369,2079.2929,1053.0846,3673.031,2030.6472
11/23/2017,7188.0369,2079.2929,1053.0846,3689.068,2023.1841
11/24/2017,7203.1325,2080.1472,1057.3314,3705.389,2026.4546
11/27/2017,7201.164,2076.5897,1051.5193,3692.4734,2009.0955
11/28/2017,7272.3794,2104.991,1065.7417,3690.501,2012.9225
11/29/2017,7270.6506,2121.7538,1063.5028,3694.446,2004.1221
11/30/2017,7332.8793,2134.8604,1069.0152,3700.5642,1968.0275
12/1/2017,7318.3342,2135.8981,1062.2305,3670.5348,1959.5236
12/4/2017,7310.7976,2145.8481,1053.8465,3683.539,1970.2029
12/5/2017,7283.7764,2131.4738,1045.4313,3675.7004,1962.7436
12/6/2017,7283.1356,2125.4291,1041.2374,3653.4844,1933.8565
12/7/2017,7305.764,2129.9546,1053.0086,3660.2612,1932.7432
12/8/2017,7346.7454,2142.8701,1054.6927,3674.0514,1950.7265
12/11/2017,7370.3058,2148.2171,1053.4648,3691.8233,1966.8893
12/12/2017,7381.9886,2154.4047,1049.0368,3694.2816,1953.5934
12/13/2017,7378.6138,2148.0601,1058.1059,3700.8595,1964.9275
12/14/2017,7349.8142,2136.6157,1046.7918,3694.9333,1969.1822
12/15/2017,7416.1857,2154.5815,1062.7648,3679.2668,1964.5129
12/18/2017,7456.2683,2167.4553,1075.0333,3734.2905,1985.4362
12/19/2017,7432.2824,2159.7613,1068.9218,3718.6682,1988.9111
12/20/2017,7427.1182,2160.0304,1072.0098,3717.8801,1990.0861
12/21/2017,7441.8671,2169.9638,1075.4016,3727.1079,1993.276
12/22/2017,7438.5012,2169.8554,1073.7286,3725.3485,2005.2918
12/25/2017,7438.5012,2169.8554,1073.7286,3727.0529,2005.3269
12/26/2017,7430.9664,2170.0764,1074.3268,3728.904,2001.353
12/27/2017,7437.0004,2169.8917,1075.5805,3742.3822,2015.7626
12/28/2017,7452.0467,2175.9318,1079.4529,3747.1052,2031.9667
12/29/2017,7413.8867,2165.7067,1070.2443,3760.8223,2040.5619
1/1/2018,7413.8867,2165.7067,1070.2443,3760.9324,2038.9766
1/2/2018,7475.7873,2178.3982,1081.1843,3768.7445,2075.0169
1/3/2018,7523.6288,2186.6921,1085.2549,3775.0614,2086.0657
1/4/2018,7555.495,2195.1297,1087.7581,3831.2987,2100.777
1/5/2018,7608.6388,2203.379,1091.536,3852.847,2115.7082
1/8/2018,7621.418,2206.4189,1090.4073,3849.3626,2126.0711
1/9/2018,7633.6371,2208.3646,1091.3062,3860.5677,2123.0411
1/10/2018,7625.2,2207.7788,1089.8772,3873.2949,2109.7009
1/11/2018,7679.4274,2225.4642,1107.6398,3875.4721,2108.7915
1/12/2018,7731.2606,2238.7266,1111.8748,3899.2775,2128.4568
1/15/2018,7731.2606,2238.7266,1111.8748,3936.701,2132.8083
1/16/2018,7704.1596,2230.5754,1098.1387,3934.5498,2145.5455
1/17/2018,7776.6943,2247.6831,1107.363,3932.569,2153.9137
1/18/2018,7764.8064,2240.8183,1102.8597,3928.1414,2162.5801
1/19/2018,7799.0405,2250.9306,1118.1426,3947.8587,2171.5409
1/22/2018,7862.0681,2270.0371,1124.9583,3962.9738,2181.988
1/23/2018,7879.4834,2270.1877,1130.8562,3991.6811,2206.4516
1/24/2018,7875.0706,2272.9773,1122.1674,4005.1085,2217.6927
1/25/2018,7879.8378,2272.6394,1126.0181,4011.0594,2225.9763
1/26/2018,7973.2991,2295.0765,1134.1025,4007.0973,2242.9273
1/29/2018,7919.9218,2280.2585,1129.5816,3982.8621,2233.9662
1/30/2018,7834.1248,2252.5908,1117.815,3958.4041,2198.133
1/31/2018,7838.1996,2249.4355,1111.9647,3949.8199,2210.4127
2/1/2018,7834.6354,2255.8879,1116.1994,3953.1901,2200.0183
2/2/2018,7668.9666,2207.1897,1091.974,3897.2224,2168.6459
2/5/2018,7354.712,2115.1861,1052.3122,3830.7218,2130.7645
2/6/2018,7483.7721,2141.1388,1065.2425,3708.3269,2072.3429
2/7/2018,7446.554,2136.6992,1065.8593,3748.0731,2067.4873
2/8/2018,7168.1058,2063.7531,1031.9416,3711.7133,2049.4406
2/9/2018,7277.5372,2089.4923,1040.411,3656.0196,2013.7764
2/12/2018,7379.0487,2115.1291,1051.3798,3690.8308,2032.4654
2/13/2018,7398.727,2119.6397,1055.4441,3696.9031,2052.0611
2/14/2018,7499.9997,2147.1366,1076.666,3733.2057,2088.7907
2/15/2018,7592.3372,2168.5974,1089.5514,3781.1967,2119.3094
2/16/2018,7595.8609,2172.8846,1092.3481,3812.4631,2115.004
2/19/2018,7595.8609,2172.8846,1092.3481,3803.9905,2117.3465
2/20/2018,7552.0305,2154.0444,1086.0344,3794.0113,2105.8733
2/21/2018,7510.6607,2139.8431,1087.236,3788.2426,2132.5919
2/22/2018,7518.5968,2138.5215,1087.0017,3781.9792,2117.2475
2/23/2018,7639.59,2171.5111,1100.579,3795.8305,2144.9922
2/26/2018,7730.3507,2195.9972,1109.4425,3816.8293,2153.3088
2/27/2018,7633.1959,2169.3091,1095.4711,3806.2739,2137.9602
2/28/2018,7549.2854,2142.0118,1080.1489,3772.1087,2107.9144
3/1/2018,7449.8657,2118.2201,1073.8063,3719.3635,2102.7985
3/2/2018,7488.3422,2129.5022,1096.2669,3687.4624,2084.8915
3/5/2018,7571.0061,2154.237,1103.9738,3699.7128,2074.6324
3/6/2018,7591.3781,2159.3964,1116.2575,3735.4717,2106.3356
3/7/2018,7588.2298,2155.3587,1127.3727,3731.4534,2098.3419
3/8/2018,7624.163,2162.4876,1129.1598,3749.1038,2109.0685
3/9/2018,7756.8576,2197.8459,1147.4296,3756.81,2130.2502
3/12/2018,7746.992,2193.7024,1150.0268,3786.3492,2156.737
3/13/2018,7698.1479,2181.8987,1142.6743,3781.1837,2159.7342
3/14/2018,7656.2016,2166.3939,1139.713,3766.9143,2150.9344
3/15/2018,7650.7011,2162.8659,1132.7581,3771.9037,2146.6469
3/16/2018,7663.9823,2170.8292,1137.2405,3765.037,2141.2819
3/19/2018,7555.192,2145.3974,1125.1069,3741.4737,2124.5089
3/20/2018,7566.5058,2143.4077,1128.5101,3734.2172,2135.9761
3/21/2018,7553.3759,2146.8239,1134.4349,3731.2441,2135.5716
3/22/2018,7363.5911,2096.2297,1108.9137,3716.1083,2112.987
3/23/2018,7209.2822,2053.9102,1084.9455,3668.304,2069.5575
3/26/2018,7405.0664,2101.6098,1109.9493,3668.5356,2087.5922
3/27/2018,7277.1508,2079.2333,1084.819,3708.8098,2093.1542
3/28/2018,7257.1679,2079.1612,1080.098,3700.5089,2053.6213
3/29/2018,7357.446,2104.3322,1094.6923,3702.0478,2066.4029
3/30/2018,7357.446,2104.3322,1094.6923,3708.4082,2069.2482
4/2/2018,7193.1605,2058.8738,1065.5741,3707.8905,2066.8968
4/3/2018,7284.2113,2086.8722,1078.5321,3683.6101,2068.243
4/4/2018,7368.9839,2106.5579,1094.2058,3677.5982,2042.916
4/5/2018,7420.6321,2122.3375,1100.8456,3725.482,2062.1258
4/6/2018,7258.1086,2079.7092,1078.539,3726.6524,2054.1746
4/9/2018,7284.4871,2086.7187,1083.3299,3746.9791,2056.1193
4/10/2018,7406.5632,2118.553,1104.1157,3783.8363,2077.8371
4/11/2018,7365.9615,2108.4174,1106.9893,3778.8059,2078.7221
4/12/2018,7427.6141,2123.7169,1116.2364,3772.3962,2081.114
4/13/2018,7406.3405,2117.2358,1109.1688,3782.1469,2069.3152
4/16/2018,7466.5883,2134.1746,1117.7129,3786.7034,2057.226
4/17/2018,7546.194,2144.9135,1134.2893,3800.1303,2059.4783
4/18/2018,7552.4676,2146.609,1137.0189,3826.8966,2080.4072
4/19/2018,7510.1583,2140.5596,1126.3754,3826.5225,2094.5338
4/20/2018,7446.3973,2129.6617,1117.8712,3802.1137,2066.5529
4/23/2018,7446.8156,2131.2871,1114.3208,3791.8205,2048.9333
4/24/2018,7347.3634,2117.6323,1102.9519,3798.1544,2041.9708
4/25/2018,7360.8613,2121.8601,1100.1782,3768.3874,2017.3107
4/26/2018,7437.666,2129.813,1107.5742,3780.2741,2024.5295
4/27/2018,7446.3926,2131.3296,1105.819,3793.4387,2045.762
4/30/2018,7385.6676,2111.2789,1095.764,3796.1998,2060.3582
5/1/2018,7404.5291,2108.3872,1103.5756,3770.1198,2056.986
5/2/2018,7351.1734,2090.156,1107.4607,3776.2563,2037.8002
5/3/2018,7335.4124,2079.8946,1101.533,3767.107,2013.893
5/4/2018,7430.6998,2103.4829,1114.3454,3776.512,2011.1413
5/7/2018,7456.5403,2108.3343,1125.3039,3789.3143,2017.3013
5/8/2018,7454.6372,2108.2307,1130.5971,3783.3595,2023.1094
5/9/2018,7527.679,2128.4287,1137.8097,3793.3705,2025.1464
5/10/2018,7599.946,2148.1186,1144.5739,3805.8177,2047.7979
5/11/2018,7615.5756,2152.5387,1147.5249,3837.2469,2061.8716
5/14/2018,7622.6309,2155.3508,1143.1909,3851.2297,2069.7956
5/15/2018,7570.8428,2145.4176,1142.3458,3818.4514,2036.8597
5/16/2018,7603.6681,2154.0577,1154.69,3805.8186,2045.4648
5/17/2018,7599.3634,2155.1628,1159.0751,3823.4755,2026.2976
5/18/2018,7579.9613,2145.2142,1161.038,3819.6659,2015.3845
5/21/2018,7636.1913,2161.4261,1165.6534,3823.2574,2013.3368
5/22/2018,7612.3718,2157.682,1153.8137,3834.1835,2023.3469
5/23/2018,7637.3281,2157.0292,1156.1972,3788.544,2007.6113
5/24/2018,7622.1498,2148.8825,1157.3145,3777.3098,2011.5977
5/25/2018,7605.0799,2140.6305,1157.4895,3761.6314,2015.1678
5/28/2018,7605.0799,2140.6305,1157.4895,3747.5759,2015.8741
5/29/2018,7517.4572,2109.8962,1156.4671,3702.927,1997.1297
5/30/2018,7614.2312,2142.0226,1173.5652,3704.2934,1973.3343
5/31/2018,7563.4947,2123.7924,1164.7543,3713.1082,1987.7854
6/1/2018,7646.2735,2141.569,1176.6811,3724.9268,2004.9381
6/4/2018,7680.6971,2145.5753,1178.7697,3758.0478,2034.4789
6/5/2018,7686.5758,2142.8789,1189.4095,3741.4758,2030.5728
6/6/2018,7752.6593,2162.4041,1198.6896,3767.6305,2040.8549
6/7/2018,7748.5013,2170.0685,1187.3969,3780.5281,2040.9622
6/8/2018,7773.0346,2176.9268,1193.44,3760.7819,2015.7779
6/11/2018,7781.37,2178.0972,1197.3467,3785.8383,2023.0622
6/12/2018,7795.2794,2176.9217,1208.7372,3778.1889,2025.2248
6/13/2018,7764.2026,2166.6297,1206.1063,3778.5062,2016.8723
6/14/2018,7785.7619,2165.3428,1215.5017,3771.0589,1999.5696
6/15/2018,7778.6383,2163.0373,1215.8175,3742.7091,1978.5164
6/18/2018,7762.247,2156.8259,1222.1047,3712.8687,1964.875
6/19/2018,7731.3576,2152.0472,1220.8497,3672.2376,1927.8981
6/20/2018,7744.602,2152.9638,1231.0344,3689.3459,1942.8991
6/21/2018,7696.2075,2140.0967,1215.3184,3676.3587,1919.8096
6/22/2018,7710.7537,2151.0324,1207.5235,3707.2157,1933.7343
6/25/2018,7604.9256,2129.3599,1181.8424,3657.0216,1906.8255
6/26/2018,7621.6913,2131.5337,1191.8888,3654.5693,1901.4659
6/27/2018,7556.112,2118.9116,1167.0575,3651.9247,1873.9895
6/28/2018,7603.8102,2128.5402,1173.9117,3631.9607,1865.658
6/29/2018,7610.0511,2129.045,1173.8647,3668.9583,1906.4358
7/2/2018,7633.7424,2129.6594,1185.1756,3615.5529,1888.4733
7/3/2018,7595.9811,2127.0742,1188.8062,3645.8727,1885.8442
7/4/2018,7595.9811,2127.0742,1188.8062,3645.5627,1883.6678
7/5/2018,7663.3074,2142.3701,1202.7114,3661.2371,1883.1157
7/6/2018,7728.8482,2156.5016,1214.749,3689.7683,1893.3789
7/9/2018,7799.2876,2175.3159,1220.841,3717.3707,1923.6004
7/10/2018,7826.5456,2183.0775,1213.2565,3717.8016,1925.342
7/11/2018,7771.0263,2163.6201,1206.1335,3674.7944,1905.3022
7/12/2018,7839.7949,2173.2521,1216.127,3683.5542,1915.837
7/13/2018,7848.2726,2172.0096,1214.5703,3695.8445,1925.6319
7/16/2018,7840.5741,2172.6256,1207.1777,3695.2262,1916.238
7/17/2018,7871.8511,2177.09,1218.7981,3695.7695,1917.5666
7/18/2018,7888.8581,2184.3141,1221.2958,3705.3245,1914.3535
7/19/2018,7858.4862,2177.6076,1227.8504,3692.5846,1900.1585
7/20/2018,7851.3692,2172.4139,1224.1014,3719.2985,1917.0409
7/23/2018,7865.8006,2177.9457,1225.2108,3711.2078,1916.3773
7/24/2018,7903.7973,2185.8244,1206.3824,3741.8051,1935.9027
7/25/2018,7975.8088,2196.8294,1215.4578,3733.9617,1951.5348
7/26/2018,7951.6242,2207.4114,1220.7089,3752.2077,1952.48
7/27/2018,7899.4626,2201.2781,1192.2574,3769.4903,1958.2479
7/30/2018,7854.6466,2205.1628,1177.6427,3769.6169,1954.5075
7/31/2018,7893.2626,2213.3113,1193.9704,3759.6946,1949.8276
8/1/2018,7885.0506,2201.6613,1194.3222,3748.3368,1948.9993
8/2/2018,7924.7328,2204.3299,1206.4439,3705.0609,1914.5511
8/3/2018,7962.5906,2218.4737,1197.8167,3714.896,1925.5777
8/6/2018,7991.5385,2224.19,1208.8772,3702.1822,1921.4118
8/7/2018,8014.1716,2229.5687,1213.1845,3733.2617,1937.2888
8/8/2018,8012.3009,2227.1513,1209.5619,3732.6579,1937.2705
8/9/2018,8002.826,2222.762,1214.3167,3729.1151,1935.6051
8/10/2018,7948.2932,2207.8234,1213.7448,3660.7411,1906.5459
8/13/2018,7916.5948,2194.3463,1204.2279,3628.4085,1872.354
8/14/2018,7967.8789,2207.9826,1217.0895,3633.8272,1871.1882
8/15/2018,7908.7489,2192.9964,1199.6883,3587.0662,1836.9898
8/16/2018,7973.7691,2217.6929,1210.3188,3610.5535,1833.7828
8/17/2018,8000.9169,2228.1976,1215.0085,3620.6165,1836.3169
8/20/2018,8020.6393,2235.6358,1218.2277,3640.3567,1855.8836
8/21/2018,8037.5338,2242.1737,1233.3934,3658.1578,1875.1987
8/22/2018,8034.5451,2237.0432,1239.4732,3678.651,1886.7108
8/23/2018,8021.4583,2229.6964,1237.6432,3658.7163,1882.4174
8/24/2018,8071.2738,2239.7277,1246.2193,3677.1715,1886.0336
8/27/2018,8134.1179,2254.4794,1251.2432,3713.5209,1920.106
8/28/2018,8136.3559,2254.1732,1252.9199,3724.9042,1922.8741
8/29/2018,8183.4473,2260.0529,1259.2527,3728.8304,1922.8661
8/30/2018,8148.5255,2247.2645,1259.5694,3714.0198,1900.6831
8/31/2018,8150.4499,2246.0239,1268.2179,3687.5126,1897.4012
9/3/2018,8150.4499,2246.0239,1268.2179,3678.4474,1881.7751
9/4/2018,8137.7101,2241.2763,1264.873,3642.9325,1869.3734
9/5/2018,8114.9621,2248.3218,1256.2034,3615.672,1836.4894
9/6/2018,8087.7136,2240.9385,1245.5585,3599.0794,1830.8407
9/7/2018,8070.4787,2235.6066,1246.6195,3582.3923,1839.391
9/10/2018,8085.7952,2240.2604,1252.3727,3594.8529,1818.3927
9/11/2018,8116.5636,2240.9209,1254.3527,3594.419,1804.3633
9/12/2018,8119.5576,2243.2192,1251.4822,3613.6978,1807.0801
9/13/2018,8164.5825,2251.9172,1251.2854,3629.0495,1830.7986
9/14/2018,8168.0703,2255.8855,1257.4567,3646.2747,1850.4218
9/17/2018,8122.6954,2253.3401,1237.3748,3654.7365,1828.7965
9/18/2018,8166.6255,2262.3322,1246.6418,3673.5871,1835.025
9/19/2018,8176.8866,2268.4311,1237.3489,3694.1735,1855.8507
9/20/2018,8241.3614,2285.1012,1249.9092,3727.4311,1866.4522
9/21/2018,8238.506,2288.4046,1241.4481,3752.2029,1892.5823
9/24/2018,8209.5414,2271.3865,1241.2535,3741.8475,1876.4013
9/25/2018,8199.4182,2262.8234,1246.8404,3756.8708,1875.4086
9/26/2018,8172.4483,2248.9288,1235.4737,3763.4161,1883.1807
9/27/2018,8196.5521,2249.206,1235.1128,3743.9268,1893.4604
9/28/2018,8196.8404,2250.4776,1238.5349,3720.7788,1887.8881
10/1/2018,8226.7409,2257.5543,1219.4288,3714.482,1885.1721
10/2/2018,8223.7675,2262.1687,1201.2617,3697.1375,1861.5778
10/3/2018,8229.6187,2264.1128,1211.8411,3690.1054,1864.9055
10/4/2018,8164.3167,2260.5623,1188.8764,3661.1559,1820.499
10/5/2018,8119.3074,2253.1127,1176.0469,3633.8147,1803.2311
10/8/2018,8116.0997,2260.9989,1167.0624,3601.9286,1793.9115
10/9/2018,8106.9546,2254.9305,1158.2499,3588.7798,1791.2375
10/10/2018,7840.5961,2197.7115,1118.4309,3570.7268,1776.2575
10/11/2018,7679.3257,2142.9492,1100.8788,3491.8443,1720.7629
10/12/2018,7789.2465,2155.7408,1109.1034,3491.0223,1766.7062
10/15/2018,7743.4299,2151.4687,1110.7988,3485.8315,1751.5283
10/16/2018,7910.0973,2186.915,1149.4157,3522.7272,1774.9667
10/17/2018,7908.4107,2191.036,1144.083,3520.1996,1773.2918
10/18/2018,7795.3398,2169.623,1122.2847,3494.4317,1750.2139
10/19/2018,7792.7438,2171.9527,1103.6035,3488.9309,1751.2414
10/22/2018,7759.435,2152.3647,1104.9732,3472.4236,1771.7774
10/23/2018,7717.0588,2140.3881,1095.7751,3413.0161,1731.5605
10/24/2018,7478.8757,2087.9768,1048.6619,3391.3105,1718.1315
10/25/2018,7618.1701,2113.3145,1073.3894,3366.0199,1710.955
10/26/2018,7486.1874,2085.1279,1060.5598,3353.9831,1694.0348
10/29/2018,7437.1789,2088.9335,1049.0127,3368.2707,1685.4745
10/30/2018,7554.3494,2123.3666,1071.7925,3374.8085,1688.211
10/31/2018,7636.5678,2133.9454,1081.8146,3424.7599,1723.6051
11/1/2018,7717.4053,2153.7441,1112.1997,3446.0512,1751.6951
11/2/2018,7669.3535,2147.5575,1113.8963,3466.4506,1797.2798
11/5/2018,7712.4986,2169.7048,1107.1751,3453.0154,1789.5015
11/6/2018,7761.3959,2182.018,1114.0679,3462.63,1789.4362
11/7/2018,7926.0841,2213.1554,1138.0548,3495.3175,1799.6629
11/8/2018,7910.3619,2209.8742,1135.3157,3505.2396,1791.8512
11/9/2018,7838.9507,2196.5419,1109.028,3474.6319,1760.5454
11/12/2018,7684.5118,2165.0886,1080.2309,3434.7085,1742.9475
11/13/2018,7673.3765,2161.9637,1076.1364,3434.4483,1742.2776
11/14/2018,7617.3116,2148.0026,1067.9391,3425.2115,1746.1526
11/15/2018,7700.4776,2168.7425,1087.1877,3414.219,1769.1257
11/16/2018,7718.1743,2179.8498,1090.0029,3425.073,1778.9749
11/19/2018,7589.9427,2167.2578,1057.2605,3425.3903,1782.6113
11/20/2018,7452.7407,2127.7123,1038.4277,3380.4949,1754.2497
11/21/2018,7476.0416,2132.901,1055.2074,3394.7113,1758.7752
11/22/2018,7476.0416,2132.901,1055.2074,3390.3573,1760.5866
11/23/2018,7427.4262,2120.4776,1057.5182,3387.9378,1748.2957
11/26/2018,7543.6806,2147.0519,1073.5282,3411.0532,1761.7421
11/27/2018,7568.3537,2152.1451,1061.7886,3401.958,1768.2342
11/28/2018,7742.7247,2185.3561,1095.0502,3403.7261,1789.165
11/29/2018,7727.5702,2182.2426,1091.8895,3440.0608,1800.7018
11/30/2018,7792.166,2197.6287,1098.6085,3420.7242,1794.7006
12/3/2018,7877.4327,2214.5684,1112.9629,3470.1212,1834.7572
12/4/2018,7622.9166,2151.2531,1061.0364,3436.9798,1830.1652
12/5/2018,7622.9166,2151.2531,1061.0364,3397.5073,1807.9762
12/6/2018,7613.7339,2141.1053,1059.6089,3324.5717,1766.5271
12/7/2018,7437.3763,2103.509,1032.318,3343.7347,1770.9549
12/10/2018,7450.5394,2095.1652,1034.0891,3275.6114,1737.4375
12/11/2018,7448.2594,2090.565,1032.0018,3289.8979,1741.0852
12/12/2018,7488.71,2097.4187,1045.0497,3356.2631,1766.6853
12/13/2018,7488.3789,2096.0477,1027.6131,3353.2714,1778.7058
12/14/2018,7346.3402,2064.5229,1011.0552,3314.0938,1754.145
12/17/2018,7194.1459,2025.162,984.57,3305.5533,1746.8645
12/18/2018,7195.2326,2015.3824,985.0548,3275.9066,1738.1686
12/19/2018,7085.1394,1990.4015,965.628,3291.888,1746.7217
12/20/2018,6973.5518,1961.889,944.5856,3240.3423,1732.8441
12/21/2018,6829.9781,1932.0209,915.431,3226.6114,1728.4682
12/24/2018,6645.3084,1875.1874,902.0886,3221.8888,1720.3873
12/25/2018,6645.3084,1875.1874,902.0886,3183.9469,1715.7471
12/26/2018,6974.9992,1954.6948,953.2011,3191.6303,1716.0906
12/27/2018,7035.1752,1971.601,956.3368,3193.8414,1724.0239
12/28/2018,7027.5869,1970.6469,959.8136,3241.2611,1742.7148
12/31/2018,7088.2865,1986.4411,970.2352,3255.5715,1748.4327
1/1/2019,7088.2865,1986.4411,970.2352,3255.6851,1748.9034
1/2/2019,7097.2929,1988.9769,973.0498,3234.2006,1730.3785
1/3/2019,6923.4117,1955.218,948.1713,3237.3309,1719.1929
1/4/2019,7161.1318,2012.6495,987.8672,3287.4844,1747.0772
1/7/2019,7211.3602,2023.3541,1011.1975,3317.8237,1770.6241
1/8/2019,7281.4338,2040.1892,1026.7805,3336.1097,1766.46
1/9/2019,7313.5905,2048.1023,1036.2557,3379.9327,1800.7529
1/10/2019,7346.6489,2056.9798,1042.3041,3384.3974,1808.4738
1/11/2019,7345.593,2061.3002,1043.2595,3382.655,1812.8968
1/14/2019,7307.7907,2054.1103,1030.3308,3369.8439,1797.6853
1/15/2019,7386.3059,2067.3181,1042.7608,3381.0304,1820.1403
1/16/2019,7402.9088,2076.196,1047.1996,3379.1175,1827.8909
1/17/2019,7459.8399,2091.9416,1057.6799,3376.7317,1827.195
1/18/2019,7558.3869,2119.2133,1070.0383,3419.1226,1843.5215
1/21/2019,7558.3869,2119.2133,1070.0383,3419.1796,1844.361
1/22/2019,7451.6747,2094.1167,1049.3987,3401.6842,1830.1994
1/23/2019,7468.1001,2099.2326,1045.716,3397.3161,1831.9331
1/24/2019,7478.6054,2101.0245,1054.1612,3401.3512,1846.2753
1/25/2019,7542.352,2113.3328,1069.1124,3435.7153,1869.6415
1/28/2019,7483.1682,2105.1544,1059.4767,3419.9351,1861.8919
1/29/2019,7472.3764,2109.3834,1056.6167,3430.2902,1864.9595
1/30/2019,7589.4141,2127.6488,1070.2907,3439.1619,1877.4197
1/31/2019,7656.3018,2141.0537,1082.2697,3470.1915,1901.5071
2/1/2019,7664.2039,2149.353,1084.244,3468.2016,1902.0164
2/4/2019,7716.2779,2155.72,1096.9969,3464.9046,1898.1294
2/5/2019,7752.6739,2159.918,1099.714,3500.3062,1905.1113
2/6/2019,7736.1713,2157.6327,1098.4995,3494.6329,1898.9397
2/7/2019,7664.9024,2141.2153,1085.3124,3454.0211,1887.1852
2/8/2019,7672.6352,2141.3523,1088.74,3420.3244,1876.4406
2/11/2019,7678.1547,2145.1454,1098.7779,3423.2387,1875.6288
2/12/2019,7777.6737,2170.1587,1116.7027,3455.6791,1887.8812
2/13/2019,7801.8277,2177.406,1119.2138,3475.9203,1887.3572
2/14/2019,7783.8641,2170.8734,1123.0546,3468.7043,1882.5769
2/15/2019,7869.1253,2201.3625,1141.4551,3490.1371,1867.1365
2/18/2019,7869.1253,2201.3625,1141.4551,3518.9622,1878.1751
2/19/2019,7881.4969,2207.3399,1143.361,3524.4941,1878.6098
2/20/2019,7897.0438,2214.0635,1146.4311,3547.2773,1901.025
2/21/2019,7869.8719,2207.4119,1141.7672,3543.2595,1904.1653
2/22/2019,7920.5644,2216.1523,1154.9424,3547.667,1919.1927
2/25/2019,7931.4325,2219.3891,1158.0558,3562.3052,1935.5722
2/26/2019,7925.254,2214.6349,1150.0616,3568.0958,1930.8247
2/27/2019,7922.156,2215.2085,1155.1105,3567.8516,1924.2122
2/28/2019,7902.13,2209.4542,1151.9643,3559.0166,1905.5822
3/1/2019,7957.0483,2221.5708,1166.0597,3568.3033,1906.7338
3/4/2019,7926.3685,2213.1155,1151.3895,3570.4448,1910.5054
3/5/2019,7917.6505,2208.7906,1147.1982,3563.4345,1913.3782
3/6/2019,7866.3723,2192.0741,1122.4267,3564.3314,1914.8927
3/7/2019,7804.1116,2179.4273,1115.6643,3536.0888,1892.9954
3/8/2019,7788.2201,2173.6703,1114.7748,3500.2822,1868.7028
3/11/2019,7902.5387,2200.5817,1136.7563,3520.4743,1888.7717
3/12/2019,7926.2263,2206.5544,1138.1861,3543.2428,1907.6326
3/13/2019,7981.876,2221.381,1142.6421,3557.8808,1905.912
3/14/2019,7977.6342,2220.4227,1137.9817,3568.755,1901.9691
3/15/2019,8017.7322,2229.9489,1141.803,3598.5752,1918.5186
3/18/2019,8047.5275,2239.2313,1149.2607,3617.2632,1940.2552
3/19/2019,8046.7153,2233.3277,1146.9037,3632.1339,1943.443
3/20/2019,8023.3881,2217.314,1139.1625,3611.3615,1938.9881
3/21/2019,8110.8966,2236.3374,1157.0891,3618.8908,1941.2606
3/22/2019,7957.604,2196.6699,1111.4379,3586.6368,1923.0783
3/25/2019,7951.5313,2192.6611,1117.1705,3555.7134,1901.5729
3/26/2019,8008.6627,2214.1635,1126.3412,3583.7458,1906.6022
3/27/2019,7971.5638,2205.1552,1117.3611,3583.9415,1895.4648
3/28/2019,8001.4445,2212.6603,1128.8911,3565.5408,1898.5019
3/29/2019,8055.6865,2223.5014,1136.3715,3585.71,1922.0507
4/1/2019,8148.9374,2249.55,1145.1294,3625.8943,1943.8454
4/2/2019,8149.403,2244.0837,1145.1821,3625.3834,1945.7605
4/3/2019,8166.9113,2246.4831,1153.4177,3665.0433,1961.8727
4/4/2019,8185.8003,2254.3585,1153.7033,3653.8352,1963.5981
4/5/2019,8223.8174,2264.8363,1164.7132,3657.7173,1971.6247
4/8/2019,8232.594,2266.3128,1161.2626,3664.3462,1977.7475
4/9/2019,8185.139,2250.6805,1147.4987,3658.9302,1986.7339
4/10/2019,8214.2908,2258.8885,1163.9347,3657.1463,1992.022
4/11/2019,8214.7101,2261.3995,1161.1228,3656.3888,1976.529
4/12/2019,8269.8165,2279.2731,1163.236,3668.409,1979.6271
4/15/2019,8264.8019,2274.8754,1160.5984,3683.3496,1974.5587
4/16/2019,8269.0117,2278.6578,1161.2846,3690.1925,1987.9601
4/17/2019,8251.0272,2271.1049,1144.0827,3694.9048,1993.3342
4/18/2019,8264.2571,2272.1614,1144.6876,3680.6217,1986.3102
4/19/2019,8264.2571,2272.1614,1144.6876,3681.3883,1986.3185
4/22/2019,8272.8422,2270.604,1144.853,3680.545,1980.018
4/23/2019,8346.4035,2285.3207,1164.5845,3684.9809,1981.457
4/24/2019,8328.1206,2281.6108,1167.1561,3676.3773,1972.0671
4/25/2019,8325.048,2276.5595,1160.3278,3665.246,1957.9797
4/26/2019,8364.305,2286.4242,1173.6455,3675.4552,1960.451
4/29/2019,8373.6662,2289.6979,1178.0906,3678.5693,1969.3704
4/30/2019,8381.8554,2302.3721,1170.9752,3689.1741,1962.8277
5/1/2019,8319.0474,2283.2766,1158.6445,3697.5321,1965.1348
5/2/2019,8301.7242,2278.5592,1165.1217,3673.0508,1962.4839
5/3/2019,8382.5578,2298.3479,1188.8403,3687.2488,1969.7735
5/6/2019,8345.7721,2288.5312,1190.6546,3664.0353,1933.3049
5/7/2019,8208.0297,2254.89,1163.7827,3626.5204,1923.4799
5/8/2019,8195.0826,2248.203,1159.7992,3617.8989,1912.5735
5/9/2019,8173.1848,2244.0139,1155.3268,3580.8601,1871.6371
5/10/2019,8206.3931,2256.465,1155.319,3591.1226,1880.8372
5/13/2019,8008.6914,2211.4393,1114.8468,3561.028,1850.1693
5/14/2019,8073.8042,2227.6788,1131.2926,3566.5615,1846.5301
5/15/2019,8122.5488,2230.9421,1137.3747,3584.7714,1849.3156
5/16/2019,8197.1767,2249.7756,1146.0723,3603.9231,1840.6345
5/17/2019,8150.144,2238.7804,1128.6956,3599.5487,1814.0596
5/20/2019,8095.2713,2230.7195,1120.0503,3587.5862,1809.898
5/21/2019,8164.2598,2248.7036,1139.1665,3595.833,1819.0413
5/22/2019,8141.3505,2239.8435,1130.2407,3588.3184,1817.5993
5/23/2019,8045.2079,2215.8673,1106.7701,3554.8831,1794.7969
5/24/2019,8057.2879,2221.456,1117.4949,3581.8051,1798.4607
5/27/2019,8057.2879,2221.456,1117.4949,3586.6859,1803.6283
5/28/2019,7989.8769,2195.0579,1112.2943,3583.1288,1802.0815
5/29/2019,7934.8705,2181.4907,1099.6198,3535.5693,1797.2647
5/30/2019,7952.5829,2180.004,1099.5398,3532.0006,1814.7461
5/31/2019,7849.1979,2154.318,1084.1,3515.7135,1820.8419
6/3/2019,7827.5686,2172.9577,1082.4085,3529.469,1840.1577
6/4/2019,7995.7319,2214.1616,1114.1979,3550.1163,1835.1581
6/5/2019,8061.98,2227.4188,1115.4074,3585.8834,1834.5414
6/6/2019,8113.6478,2240.0282,1111.3246,3587.9495,1831.2403
6/7/2019,8199.5995,2250.6435,1122.7125,3629.5037,1839.7354
6/10/2019,8237.8426,2257.3777,1131.1999,3639.3398,1866.6479
6/11/2019,8235.3869,2258.48,1124.9902,3664.6468,1885.9325
6/12/2019,8218.7607,2253.9692,1128.1728,3651.5824,1875.9449
6/13/2019,8254.8842,2264.58,1141.3464,3637.9098,1868.8309
6/14/2019,8242.6904,2261.6621,1129.6668,3620.1566,1856.2537
6/17/2019,8250.4305,2257.9555,1143.5609,3612.0843,1848.9599
6/18/2019,8330.8499,2278.7668,1155.6904,3643.6808,1872.9199
6/19/2019,8355.7477,2284.1959,1161.4446,3674.383,1899.4529
6/20/2019,8435.6739,2304.4474,1167.8427,3714.7065,1928.4518
6/21/2019,8425.571,2302.1243,1157.429,3700.7679,1927.4926
6/24/2019,8410.9785,2297.0261,1140.6095,3716.0867,1929.5425
6/25/2019,8331.1051,2286.7255,1131.3494,3712.7366,1916.5361
6/26/2019,8320.8247,2278.9377,1128.9147,3695.7058,1921.8644
6/27/2019,8353.893,2289.6374,1153.7926,3709.0324,1935.7902
6/28/2019,8402.3872,2308.9655,1167.5964,3725.6064,1935.9218
7/1/2019,8466.9111,2322.4621,1170.8155,3743.5838,1953.163
7/2/2019,8492.0305,2323.981,1165.1847,3754.2634,1954.4703
7/3/2019,8559.2313,2341.6943,1175.4145,3770.8749,1947.5198
7/4/2019,8559.2313,2341.6943,1175.4145,3779.4434,1957.7094
7/5/2019,8544.6857,2339.2603,1174.3768,3745.3844,1949.1448
7/8/2019,8503.4987,2329.0029,1163.4853,3727.3622,1924.865
7/9/2019,8516.4984,2328.6326,1166.4686,3709.4113,1918.1807
7/10/2019,8554.9972,2333.6604,1169.9117,3715.9182,1930.1853
7/11/2019,8574.5831,2337.6721,1165.1968,3721.3855,1942.0835
7/12/2019,8615.0197,2349.7676,1173.5219,3724.9525,1934.495
7/15/2019,8616.5347,2346.0231,1171.0509,3731.0786,1947.431
7/16/2019,8587.4639,2340.0392,1169.3797,3724.3128,1952.4941
7/17/2019,8531.5045,2321.6637,1163.5998,3717.6246,1943.9427
7/18/2019,8562.9408,2334.2278,1169.6777,3695.6213,1938.2144
7/19/2019,8510.4036,2323.3128,1161.4038,3719.9703,1949.1792
7/22/2019,8534.6801,2323.2033,1161.1535,3715.813,1942.561
7/23/2019,8593.2696,2342.094,1165.1241,3728.2601,1945.733
7/24/2019,8633.9163,2354.5784,1184.2155,3733.2234,1945.6327
7/25/2019,8588.5153,2344.24,1169.4455,3720.8353,1944.8491
7/26/2019,8652.0789,2356.2629,1183.5795,3712.6933,1934.4798
7/29/2019,8638.1321,2353.4107,1175.836,3710.8374,1929.2087
7/30/2019,8616.7067,2352.0961,1186.933,3684.3763,1924.5895
7/31/2019,8523.1523,2328.1028,1178.9425,3678.9207,1913.5172
8/1/2019,8447.3014,2296.968,1167.5766,3673.6543,1890.8015
8/2/2019,8386.5497,2285.4726,1153.4841,3614.5403,1852.523
8/5/2019,8137.2155,2224.8354,1117.4508,3554.5946,1795.7614
8/6/2019,8243.7599,2248.3305,1131.5977,3530.564,1795.2884
8/7/2019,8250.3099,2243.6859,1132.0063,3547.9809,1795.305
8/8/2019,8407.2203,2280.8345,1155.4392,3584.5374,1817.0493
8/9/2019,8352.9316,2265.838,1140.7252,3573.304,1811.6757
8/12/2019,8254.4882,2236.1641,1125.2012,3569.9646,1799.409
8/13/2019,8376.645,2260.6542,1140.874,3552.6079,1789.6173
8/14/2019,8133.6841,2196.7248,1109.3313,3520.9395,1781.6241
8/15/2019,8155.2857,2201.6531,1105.1268,3493.0361,1780.0109
8/16/2019,8274.2833,2235.2341,1128.4557,3521.5162,1793.0191
8/19/2019,8374.9223,2259.3669,1138.263,3555.0485,1806.9173
8/20/2019,8309.2538,2238.4068,1130.7306,3548.9826,1811.4253
8/21/2019,8378.1247,2252.4021,1141.0388,3568.9489,1817.0657
8/22/2019,8374.1044,2255.0068,1136.3788,3556.5667,1803.3965
8/23/2019,8156.8909,2199.6483,1102.1983,3551.8098,1799.7421
8/26/2019,8247.4854,2219.1804,1114.8671,3531.7164,1776.3325
8/27/2019,8221.1262,2207.4454,1101.1589,3550.3141,1783.3842
8/28/2019,8275.2368,2226.8006,1112.5779,3543.2179,1785.0177
8/29/2019,8381.6321,2253.3312,1129.7871,3561.9891,1794.2117
8/30/2019,8388.145,2259.6452,1128.0432,3584.1018,1820.6239
9/2/2019,8388.145,2259.6452,1128.0432,3575.3758,1819.5922
9/3/2019,8330.8513,2249.2413,1108.3202,3576.2202,1800.2032
9/4/2019,8421.8808,2273.9785,1116.098,3615.1611,1832.5647
9/5/2019,8533.416,2298.9413,1133.5797,3646.8912,1855.6096
9/6/2019,8541.507,2305.1226,1127.7669,3663.7395,1864.9625
9/9/2019,8541.3806,2323.6009,1130.8791,3665.3055,1869.9359
9/10/2019,8544.431,2337.0932,1141.1937,3667.7886,1865.4561
9/11/2019,8606.6393,2355.4285,1166.239,3691.3785,1882.4097
9/12/2019,8632.7378,2358.6868,1165.6963,3708.8637,1892.6236
9/13/2019,8628.8776,2362.048,1166.8068,3736.7286,1900.6166
9/16/2019,8602.0836,2359.0827,1170.4474,3703.0243,1901.7198
9/17/2019,8624.331,2358.0205,1170.6742,3712.2809,1886.8798
9/18/2019,8627.3265,2357.6998,1163.5231,3708.6671,1891.5924
9/19/2019,8628.0102,2353.5344,1159.1949,3725.7015,1883.2787
9/20/2019,8586.186,2348.2656,1157.1747,3723.6962,1891.9673
9/23/2019,8585.3538,2349.4765,1153.0116,3707.0343,1880.8581
9/24/2019,8513.7972,2332.7883,1131.272,3710.5729,1873.6884
9/25/2019,8566.2299,2344.3878,1140.9139,3679.8094,1863.2882
9/26/2019,8545.9442,2336.5741,1126.9896,3690.9854,1870.5735
9/27/2019,8501.7264,2333.5709,1113.9996,3700.8332,1856.8337
9/30/2019,8545.0932,2340.2649,1118.7821,3688.4172,1855.9247
10/1/2019,8440.7146,2304.8709,1095.2084,3671.0518,1851.2639
10/2/2019,8289.5984,2265.1612,1086.6075,3610.1813,1834.1919
10/3/2019,8357.7392,2277.6252,1095.0712,3605.3041,1839.9595
10/4/2019,8476.6044,2307.0374,1105.4182,3620.9444,1848.3594
10/7/2019,8438.6721,2295.999,1102.2702,3641.1403,1843.8992
10/8/2019,8307.5699,2258.6345,1082.7407,3614.7603,1843.5418
10/9/2019,8385.8251,2276.0471,1088.5343,3618.7046,1842.0128
10/10/2019,8439.8017,2292.2897,1092.2913,3637.5166,1848.7264
10/11/2019,8532.9298,2318.308,1112.6334,3704.5988,1876.6954
10/14/2019,8521.094,2312.9166,1107.8862,3694.2971,1887.6685
10/15/2019,8605.9403,2332.2434,1123.6593,3732.598,1891.0193
10/16/2019,8589.3047,2329.3693,1122.9772,3743.1262,1900.0003
10/17/2019,8613.6983,2336.7083,1137.2006,3754.9252,1908.1947
10/18/2019,8580.1588,2335.1218,1129.573,3750.6278,1900.5546
10/21/2019,8639.3813,2352.7538,1139.2329,3771.8999,1908.9396
10/22/2019,8608.8247,2357.5199,1135.8535,3773.2672,1919.3331
10/23/2019,8633.6407,2364.3548,1134.6581,3774.8997,1913.694
10/24/2019,8650.2648,2359.102,1136.4881,3793.4815,1925.6853
10/25/2019,8685.6338,2369.5054,1143.1653,3798.0944,1922.782
10/28/2019,8734.1116,2375.9717,1154.4362,3802.5907,1936.0191
10/29/2019,8726.9432,2380.591,1158.3001,3815.0612,1937.4414
10/30/2019,8756.0631,2383.4047,1157.3137,3817.9284,1933.3845
10/31/2019,8730.1569,2372.9763,1150.6169,3821.0806,1934.3131
11/1/2019,8815.28,2400.4041,1171.2778,3843.0168,1947.7736
11/4/2019,8848.0534,2414.0574,1172.4295,3863.1986,1976.3154
11/5/2019,8837.6164,2415.5326,1174.6865,3862.2472,1988.6981
11/6/2019,8844.468,2416.441,1166.7534,3867.8097,1984.3708
11/7/2019,8872.7375,2424.3965,1170.1209,3872.9903,1993.2415
11/8/2019,8897.0762,2428.7502,1176.6253,3863.5729,1977.061
11/11/2019,8879.6161,2421.8571,1175.0152,3864.0363,1954.8485
11/12/2019,8893.9706,2421.3906,1176.3401,3871.6613,1960.4908
11/13/2019,8900.6242,2421.3369,1174.5586,3856.6789,1938.2589
11/14/2019,8910.3275,2421.8546,1174.3569,3837.3002,1935.3516
11/15/2019,8980.4767,2438.3199,1182.4785,3866.9964,1947.5281
11/18/2019,8985.1394,2436.8928,1180.7162,3878.2084,1953.7341
11/19/2019,8980.3584,2431.0811,1189.0514,3876.3547,1963.1217
11/20/2019,8948.3797,2424.2414,1185.5758,3852.6982,1953.6028
11/21/2019,8934.7647,2424.066,1179.8377,3841.3202,1939.8487
11/22/2019,8954.3049,2432.5002,1183.7239,3844.8424,1947.2453
11/25/2019,9022.5926,2445.845,1211.8349,3872.0152,1956.5139
11/26/2019,9042.6427,2448.0209,1216.7255,3876.3549,1946.0662
11/27/2019,9081.485,2456.4309,1225.2221,3883.7757,1955.614
11/28/2019,9081.485,2456.4309,1225.2221,3879.8794,1950.9097
11/29/2019,9047.0607,2446.2973,1218.2099,3864.7004,1931.7402
12/2/2019,8969.2789,2431.4468,1203.3499,3851.8138,1932.1091
12/3/2019,8910.0381,2412.8434,1203.6252,3833.2174,1926.8821
12/4/2019,8967.3311,2430.3779,1212.0005,3850.2402,1925.4277
12/5/2019,8983.2518,2435.0167,1210.7892,3855.8288,1937.3239
12/6/2019,9065.7474,2457.642,1223.9246,3879.3214,1948.7012
12/9/2019,9037.8231,2451.053,1218.3526,3883.8435,1952.711
12/10/2019,9028.2207,2448.7234,1220.0088,3877.2658,1949.7484
12/11/2019,9054.5731,2451.7601,1219.4348,3883.652,1966.0159
12/12/2019,9133.5045,2479.49,1226.807,3895.7748,1989.2637
12/13/2019,9135.754,2472.2651,1223.5063,3946.0179,2019.4284
12/16/2019,9201.3164,2488.3862,1232.6139,3978.9969,2021.387
12/17/2019,9204.4661,2491.1668,1235.3967,3973.2088,2048.6061
